t,dt,x,y,delta,speed,location,dialog_open,bag_open,target,panel_size,event
0.00,0.000,423,53,0.0,0.0,Bewitcher Cave,0,0,,0,
0.05,0.051,423,53,0.0,0.0,Bewitcher Cave,0,0,,0,
0.10,0.050,423,53,0.0,0.0,Bewitcher Cave,0,0,,0,
0.15,0.051,423,53,0.0,0.0,Bewitcher Cave,0,0,,0,
0.20,0.050,423,53,0.0,0.0,Bewitcher Cave,0,0,,0,
0.25,0.050,423,53,0.0,0.0,Bewitcher Cave,0,0,,0,
0.30,0.051,423,53,0.0,0.0,Bewitcher Cave,0,0,,0,
0.35,0.051,423,53,0.0,0.0,Bewitcher Cave,0,0,,0,
0.40,0.051,423,53,0.0,0.0,Bewitcher Cave,0,0,,0,
0.45,0.050,423,53,0.0,0.0,Bewitcher Cave,0,0,,0,
0.51,0.050,423,53,0.0,0.0,Bewitcher Cave,0,0,,0,
0.56,0.050,423,53,0.0,0.0,Bewitcher Cave,0,0,,0,
0.61,0.051,423,53,0.0,0.0,Bewitcher Cave,0,0,,0,
0.66,0.050,423,53,0.0,0.0,Bewitcher Cave,0,0,,0,
0.71,0.050,423,53,0.0,0.0,Bewitcher Cave,0,0,,0,
0.76,0.050,423,53,0.0,0.0,Bewitcher Cave,0,0,,0,
0.81,0.050,423,53,0.0,0.0,Bewitcher Cave,0,0,,0,
0.86,0.050,423,53,0.0,0.0,Bewitcher Cave,0,0,,0,
0.91,0.050,423,53,0.0,0.0,Bewitcher Cave,0,0,,0,
0.96,0.050,423,53,0.0,0.0,Bewitcher Cave,0,0,,0,
1.01,0.051,423,53,0.0,0.0,Bewitcher Cave,0,0,,0,
1.06,0.051,423,53,0.0,0.0,Bewitcher Cave,0,0,,0,
1.11,0.051,423,53,0.0,0.0,Bewitcher Cave,0,0,,0,
1.16,0.051,423,53,0.0,0.0,Bewitcher Cave,0,0,,0,
1.21,0.051,423,53,0.0,0.0,Bewitcher Cave,0,0,,0,
1.26,0.050,423,53,0.0,0.0,Bewitcher Cave,0,0,,0,
1.31,0.051,423,53,0.0,0.0,Bewitcher Cave,0,0,,0,
1.36,0.051,423,53,0.0,0.0,Bewitcher Cave,0,0,,0,
1.41,0.050,423,53,0.0,0.0,Bewitcher Cave,0,0,,0,
1.46,0.050,423,53,0.0,0.0,Bewitcher Cave,0,0,,0,
1.51,0.051,423,53,0.0,0.0,Bewitcher Cave,0,0,,0,
1.56,0.050,423,53,0.0,0.0,Bewitcher Cave,0,0,,0,
1.61,0.050,423,53,0.0,0.0,Bewitcher Cave,0,0,,0,
1.67,0.050,423,53,0.0,0.0,Bewitcher Cave,0,0,,0,
1.72,0.051,423,53,0.0,0.0,Bewitcher Cave,0,0,,0,
1.77,0.051,423,53,0.0,0.0,Bewitcher Cave,0,0,,0,
1.82,0.051,423,53,0.0,0.0,Bewitcher Cave,0,0,,0,
1.87,0.051,423,53,0.0,0.0,Bewitcher Cave,0,0,,0,
1.92,0.051,423,53,0.0,0.0,Bewitcher Cave,0,0,,0,
1.97,0.050,423,53,0.0,0.0,Bewitcher Cave,0,0,,0,
2.02,0.051,423,53,0.0,0.0,Bewitcher Cave,0,0,,0,
2.07,0.051,423,53,0.0,0.0,Bewitcher Cave,0,0,,0,
2.12,0.051,423,53,0.0,0.0,Bewitcher Cave,0,0,,0,
2.17,0.051,423,53,0.0,0.0,Bewitcher Cave,0,0,,0,
2.22,0.051,423,53,0.0,0.0,Bewitcher Cave,0,0,,0,
2.27,0.050,423,53,0.0,0.0,Bewitcher Cave,0,0,,0,
2.32,0.050,423,53,0.0,0.0,Bewitcher Cave,0,0,,0,
2.37,0.051,423,53,0.0,0.0,Bewitcher Cave,0,0,,0,
2.42,0.050,423,53,0.0,0.0,Bewitcher Cave,0,0,,0,
2.47,0.050,423,53,0.0,0.0,Bewitcher Cave,0,0,,0,
2.52,0.050,423,53,0.0,0.0,Bewitcher Cave,0,0,,0,
2.57,0.051,423,53,0.0,0.0,Bewitcher Cave,0,0,,0,
2.63,0.050,423,53,0.0,0.0,Bewitcher Cave,0,0,,0,
2.68,0.050,423,53,0.0,0.0,Bewitcher Cave,0,0,,0,
2.73,0.051,423,53,0.0,0.0,Bewitcher Cave,0,0,,0,
2.78,0.050,423,53,0.0,0.0,Bewitcher Cave,0,0,,0,
2.83,0.051,423,53,0.0,0.0,Bewitcher Cave,0,0,,0,
2.88,0.051,423,53,0.0,0.0,Bewitcher Cave,0,0,,0,
2.93,0.050,423,53,0.0,0.0,Bewitcher Cave,0,0,,0,
2.98,0.050,423,53,0.0,0.0,Bewitcher Cave,0,0,,0,
3.03,0.051,423,53,0.0,0.0,Bewitcher Cave,0,0,,0,
3.08,0.051,423,53,0.0,0.0,Bewitcher Cave,0,0,,0,
3.13,0.050,423,53,0.0,0.0,Bewitcher Cave,0,0,,0,
3.18,0.050,423,53,0.0,0.0,Bewitcher Cave,0,0,,0,
3.23,0.050,423,53,0.0,0.0,Bewitcher Cave,0,0,,0,
3.28,0.050,423,53,0.0,0.0,Bewitcher Cave,0,0,,0,
3.33,0.050,423,53,0.0,0.0,Bewitcher Cave,0,0,,0,
3.38,0.050,423,53,0.0,0.0,Bewitcher Cave,0,0,,0,
3.43,0.050,423,53,0.0,0.0,Bewitcher Cave,0,0,,0,
3.48,0.051,423,53,0.0,0.0,Bewitcher Cave,0,0,,0,
3.53,0.050,423,53,0.0,0.0,Bewitcher Cave,0,0,,0,
3.58,0.051,423,53,0.0,0.0,Bewitcher Cave,0,0,,0,
3.64,0.050,423,53,0.0,0.0,Bewitcher Cave,0,0,,0,
3.69,0.051,423,53,0.0,0.0,Bewitcher Cave,0,0,,0,
3.74,0.051,423,53,0.0,0.0,Bewitcher Cave,0,0,,0,
3.79,0.050,423,53,0.0,0.0,Bewitcher Cave,0,0,,0,
3.84,0.051,423,53,0.0,0.0,Bewitcher Cave,0,0,,0,
3.89,0.051,423,53,0.0,0.0,Bewitcher Cave,0,0,,0,
3.94,0.050,423,53,0.0,0.0,Bewitcher Cave,0,0,,0,
3.99,0.051,423,53,0.0,0.0,Bewitcher Cave,0,0,,0,
4.04,0.051,423,53,0.0,0.0,Bewitcher Cave,0,0,,0,
4.09,0.050,423,53,0.0,0.0,Bewitcher Cave,0,0,,0,
4.14,0.051,423,53,0.0,0.0,Bewitcher Cave,0,0,,0,
4.19,0.050,423,53,0.0,0.0,Bewitcher Cave,0,0,,0,
4.24,0.051,423,53,0.0,0.0,Bewitcher Cave,0,0,,0,
4.29,0.050,423,53,0.0,0.0,Bewitcher Cave,0,0,,0,
4.34,0.051,423,53,0.0,0.0,Bewitcher Cave,0,0,,0,
4.39,0.050,423,53,0.0,0.0,Bewitcher Cave,0,0,,0,
4.44,0.051,423,53,0.0,0.0,Bewitcher Cave,0,0,,0,
4.49,0.051,423,53,0.0,0.0,Bewitcher Cave,0,0,,0,
4.54,0.051,423,53,0.0,0.0,Bewitcher Cave,0,0,,0,
4.60,0.051,423,53,0.0,0.0,Bewitcher Cave,0,0,,0,
4.65,0.051,423,53,0.0,0.0,Bewitcher Cave,0,0,,0,
4.70,0.050,423,53,0.0,0.0,Bewitcher Cave,0,0,,0,
4.75,0.051,423,53,0.0,0.0,Bewitcher Cave,0,0,,0,
4.80,0.051,423,53,0.0,0.0,Bewitcher Cave,0,0,,0,
4.85,0.050,423,53,0.0,0.0,Bewitcher Cave,0,0,,0,
4.90,0.050,423,53,0.0,0.0,Bewitcher Cave,0,0,,0,
4.95,0.051,423,53,0.0,0.0,Bewitcher Cave,0,0,,0,
5.00,0.051,423,53,0.0,0.0,Bewitcher Cave,0,0,,0,
5.05,0.050,423,53,0.0,0.0,Bewitcher Cave,0,0,,0,
5.10,0.050,423,53,0.0,0.0,Bewitcher Cave,0,0,,0,
5.15,0.050,423,53,0.0,0.0,Bewitcher Cave,0,0,,0,
5.20,0.050,423,53,0.0,0.0,Bewitcher Cave,0,0,,0,
5.25,0.051,423,53,0.0,0.0,Bewitcher Cave,0,0,,0,
5.30,0.051,423,53,0.0,0.0,Bewitcher Cave,0,0,,0,
5.35,0.050,423,53,0.0,0.0,Bewitcher Cave,0,0,,0,
5.40,0.050,423,53,0.0,0.0,Bewitcher Cave,0,0,,0,
5.45,0.050,423,53,0.0,0.0,Bewitcher Cave,0,0,,0,
5.50,0.051,423,53,0.0,0.0,Bewitcher Cave,0,0,,0,
5.55,0.051,423,53,0.0,0.0,Bewitcher Cave,0,0,,0,
5.60,0.050,423,53,0.0,0.0,Bewitcher Cave,0,0,,0,
5.66,0.050,423,53,0.0,0.0,Bewitcher Cave,0,0,,0,
5.71,0.050,423,53,0.0,0.0,Bewitcher Cave,0,0,,0,
5.76,0.050,423,53,0.0,0.0,Bewitcher Cave,0,0,,0,
5.81,0.051,423,53,0.0,0.0,Bewitcher Cave,0,0,,0,
5.86,0.051,423,53,0.0,0.0,Bewitcher Cave,0,0,,0,
5.91,0.050,423,53,0.0,0.0,Bewitcher Cave,0,0,,0,
5.96,0.051,423,53,0.0,0.0,Bewitcher Cave,0,0,,0,
6.01,0.051,423,53,0.0,0.0,Bewitcher Cave,0,0,,0,
6.06,0.050,423,53,0.0,0.0,Bewitcher Cave,0,0,,0,
6.11,0.050,423,53,0.0,0.0,Bewitcher Cave,0,0,,0,
6.16,0.050,423,53,0.0,0.0,Bewitcher Cave,0,0,,0,
6.21,0.050,423,53,0.0,0.0,Bewitcher Cave,0,0,,0,
6.26,0.051,423,53,0.0,0.0,Bewitcher Cave,0,0,,0,
6.31,0.051,423,53,0.0,0.0,Bewitcher Cave,0,0,,0,
6.36,0.051,423,53,0.0,0.0,Bewitcher Cave,0,0,,0,
6.41,0.051,423,53,0.0,0.0,Bewitcher Cave,0,0,,0,
6.46,0.051,423,53,0.0,0.0,Bewitcher Cave,0,0,,0,
6.51,0.051,423,53,0.0,0.0,Bewitcher Cave,0,0,,0,
6.56,0.051,423,53,0.0,0.0,Bewitcher Cave,0,0,,0,
6.61,0.051,423,53,0.0,0.0,Bewitcher Cave,0,0,,0,
6.67,0.051,423,53,0.0,0.0,Bewitcher Cave,0,0,,0,
6.72,0.051,423,53,0.0,0.0,Bewitcher Cave,0,0,,0,
6.77,0.051,423,53,0.0,0.0,Bewitcher Cave,0,0,,0,
6.82,0.051,423,53,0.0,0.0,Bewitcher Cave,0,0,,0,
6.87,0.050,423,53,0.0,0.0,Bewitcher Cave,0,0,,0,
6.92,0.051,423,53,0.0,0.0,Bewitcher Cave,0,0,,0,
6.97,0.050,423,53,0.0,0.0,Bewitcher Cave,0,0,,0,
7.02,0.051,423,53,0.0,0.0,Bewitcher Cave,0,0,,0,
7.07,0.051,423,53,0.0,0.0,Bewitcher Cave,0,0,,0,
7.12,0.050,423,53,0.0,0.0,Bewitcher Cave,0,0,,0,
7.17,0.051,423,53,0.0,0.0,Bewitcher Cave,0,0,,0,
7.22,0.050,423,53,0.0,0.0,Bewitcher Cave,0,0,,0,
7.27,0.051,423,53,0.0,0.0,Bewitcher Cave,0,0,,0,
7.32,0.051,423,53,0.0,0.0,Bewitcher Cave,0,0,,0,
7.37,0.051,423,53,0.0,0.0,Bewitcher Cave,0,0,,0,
7.42,0.050,423,53,0.0,0.0,Bewitcher Cave,0,0,,0,
7.47,0.050,423,53,0.0,0.0,Bewitcher Cave,0,0,,0,
7.52,0.051,423,53,0.0,0.0,Bewitcher Cave,0,0,,0,
7.58,0.050,423,53,0.0,0.0,Bewitcher Cave,0,0,,0,
7.63,0.050,423,53,0.0,0.0,Bewitcher Cave,0,0,,0,
7.68,0.050,423,53,0.0,0.0,Bewitcher Cave,0,0,,0,
7.73,0.051,423,53,0.0,0.0,Bewitcher Cave,0,0,,0,
7.78,0.051,423,53,0.0,0.0,Bewitcher Cave,0,0,,0,
7.83,0.051,423,53,0.0,0.0,Bewitcher Cave,0,0,,0,
7.88,0.050,423,53,0.0,0.0,Bewitcher Cave,0,0,,0,
7.93,0.051,423,53,0.0,0.0,Bewitcher Cave,0,0,,0,
7.98,0.050,423,53,0.0,0.0,Bewitcher Cave,0,0,,0,
8.03,0.050,423,53,0.0,0.0,Bewitcher Cave,0,0,,0,
8.08,0.050,423,53,0.0,0.0,Bewitcher Cave,0,0,,0,
8.13,0.051,423,53,0.0,0.0,Bewitcher Cave,0,0,,0,
8.18,0.050,423,53,0.0,0.0,Bewitcher Cave,0,0,,0,
8.23,0.051,423,53,0.0,0.0,Bewitcher Cave,0,0,,0,
8.28,0.050,423,53,0.0,0.0,Bewitcher Cave,0,0,,0,
8.33,0.050,423,53,0.0,0.0,Bewitcher Cave,0,0,,0,
8.38,0.050,423,53,0.0,0.0,Bewitcher Cave,0,0,,0,
8.43,0.051,423,53,0.0,0.0,Bewitcher Cave,0,0,,0,
8.48,0.050,423,53,0.0,0.0,Bewitcher Cave,0,0,,0,
8.53,0.051,423,53,0.0,0.0,Bewitcher Cave,0,0,,0,
8.59,0.051,423,53,0.0,0.0,Bewitcher Cave,0,0,,0,
8.64,0.051,423,53,0.0,0.0,Bewitcher Cave,0,0,,0,
8.69,0.050,423,53,0.0,0.0,Bewitcher Cave,0,0,,0,
8.74,0.050,423,53,0.0,0.0,Bewitcher Cave,0,0,,0,
8.79,0.051,423,53,0.0,0.0,Bewitcher Cave,0,0,,0,
8.84,0.050,423,53,0.0,0.0,Bewitcher Cave,0,0,,0,
8.89,0.051,423,53,0.0,0.0,Bewitcher Cave,0,0,,0,
8.94,0.051,423,53,0.0,0.0,Bewitcher Cave,0,0,,0,
8.99,0.051,423,53,0.0,0.0,Bewitcher Cave,0,0,,0,
9.04,0.051,423,53,0.0,0.0,Bewitcher Cave,0,0,,0,
9.09,0.051,423,53,0.0,0.0,Bewitcher Cave,0,0,,0,
9.14,0.051,423,53,0.0,0.0,Bewitcher Cave,0,0,,0,
9.19,0.051,423,53,0.0,0.0,Bewitcher Cave,0,0,,0,
9.24,0.051,423,53,0.0,0.0,Bewitcher Cave,0,0,,0,
9.29,0.051,423,53,0.0,0.0,Bewitcher Cave,0,0,,0,
9.34,0.051,423,53,0.0,0.0,Bewitcher Cave,0,0,,0,
9.39,0.051,423,53,0.0,0.0,Bewitcher Cave,0,0,,0,
9.44,0.050,423,53,0.0,0.0,Bewitcher Cave,0,0,,0,
9.50,0.051,423,53,0.0,0.0,Bewitcher Cave,0,0,,0,
9.55,0.051,423,53,0.0,0.0,Bewitcher Cave,0,0,,0,
9.60,0.051,423,53,0.0,0.0,Bewitcher Cave,0,0,,0,
9.65,0.050,423,53,0.0,0.0,Bewitcher Cave,0,0,,0,
9.70,0.050,423,53,0.0,0.0,Bewitcher Cave,0,0,,0,
9.75,0.051,423,53,0.0,0.0,Bewitcher Cave,0,0,,0,
9.80,0.050,423,53,0.0,0.0,Bewitcher Cave,0,0,,0,
9.85,0.050,423,53,0.0,0.0,Bewitcher Cave,0,0,,0,
9.90,0.051,423,53,0.0,0.0,Bewitcher Cave,0,0,,0,
9.95,0.051,423,53,0.0,0.0,Bewitcher Cave,0,0,,0,
10.00,0.051,423,53,0.0,0.0,Bewitcher Cave,0,0,,0,
10.05,0.051,423,53,0.0,0.0,Bewitcher Cave,0,0,,0,
10.10,0.051,423,53,0.0,0.0,Bewitcher Cave,0,0,,0,
10.15,0.051,423,53,0.0,0.0,Bewitcher Cave,0,0,,0,
10.20,0.051,423,53,0.0,0.0,Bewitcher Cave,0,0,,0,
10.25,0.051,423,53,0.0,0.0,Bewitcher Cave,0,0,,0,
10.31,0.050,423,53,0.0,0.0,Bewitcher Cave,0,0,,0,
10.36,0.051,423,53,0.0,0.0,Bewitcher Cave,0,0,,0,
10.41,0.051,423,53,0.0,0.0,Bewitcher Cave,0,0,,0,
10.46,0.051,423,53,0.0,0.0,Bewitcher Cave,0,0,,0,
10.51,0.050,423,53,0.0,0.0,Bewitcher Cave,0,0,,0,
10.56,0.051,423,53,0.0,0.0,Bewitcher Cave,0,0,,0,
10.61,0.051,423,53,0.0,0.0,Bewitcher Cave,0,0,,0,
10.66,0.051,423,53,0.0,0.0,Bewitcher Cave,0,0,,0,
10.71,0.050,423,53,0.0,0.0,Bewitcher Cave,0,0,,0,
10.76,0.050,423,53,0.0,0.0,Bewitcher Cave,0,0,,0,
10.81,0.050,423,53,0.0,0.0,Bewitcher Cave,0,0,,0,
10.86,0.051,423,53,0.0,0.0,Bewitcher Cave,0,0,,0,
10.91,0.051,423,53,0.0,0.0,Bewitcher Cave,0,0,,0,
10.96,0.050,423,53,0.0,0.0,Bewitcher Cave,0,0,,0,
11.01,0.051,423,53,0.0,0.0,Bewitcher Cave,0,0,,0,
11.06,0.051,423,53,0.0,0.0,Bewitcher Cave,0,0,,0,
11.11,0.051,423,53,0.0,0.0,Bewitcher Cave,0,0,,0,
11.16,0.050,423,53,0.0,0.0,Bewitcher Cave,0,0,,0,
11.22,0.051,423,53,0.0,0.0,Bewitcher Cave,0,0,,0,
11.27,0.051,423,53,0.0,0.0,Bewitcher Cave,0,0,,0,
11.32,0.050,423,53,0.0,0.0,Bewitcher Cave,0,0,,0,
11.37,0.050,423,53,0.0,0.0,Bewitcher Cave,0,0,,0,
11.42,0.051,423,53,0.0,0.0,Bewitcher Cave,0,0,,0,
11.47,0.051,423,53,0.0,0.0,Bewitcher Cave,0,0,,0,
11.52,0.050,423,53,0.0,0.0,Bewitcher Cave,0,0,,0,
11.57,0.050,423,53,0.0,0.0,Bewitcher Cave,0,0,,0,
11.62,0.051,423,53,0.0,0.0,Bewitcher Cave,0,0,,0,
11.67,0.050,423,53,0.0,0.0,Bewitcher Cave,0,0,,0,
11.72,0.051,423,53,0.0,0.0,Bewitcher Cave,0,0,,0,
11.77,0.051,423,53,0.0,0.0,Bewitcher Cave,0,0,,0,
11.82,0.051,423,53,0.0,0.0,Bewitcher Cave,0,0,,0,
11.87,0.051,423,53,0.0,0.0,Bewitcher Cave,0,0,,0,
11.92,0.050,423,53,0.0,0.0,Bewitcher Cave,0,0,,0,
11.97,0.051,423,53,0.0,0.0,Bewitcher Cave,0,0,,0,
12.02,0.051,423,53,0.0,0.0,Bewitcher Cave,0,0,,0,
12.07,0.050,423,53,0.0,0.0,Bewitcher Cave,0,0,,0,
12.13,0.051,423,53,0.0,0.0,Bewitcher Cave,0,0,,0,
12.18,0.051,423,53,0.0,0.0,Bewitcher Cave,0,0,,0,
12.23,0.051,423,53,0.0,0.0,Bewitcher Cave,0,0,,0,
12.28,0.051,423,53,0.0,0.0,Bewitcher Cave,0,0,,0,
12.33,0.050,423,53,0.0,0.0,Bewitcher Cave,0,0,,0,
12.38,0.051,423,53,0.0,0.0,Bewitcher Cave,0,0,,0,
12.43,0.050,423,53,0.0,0.0,Bewitcher Cave,0,0,,0,
12.48,0.050,423,53,0.0,0.0,Bewitcher Cave,0,0,,0,
12.53,0.050,423,53,0.0,0.0,Bewitcher Cave,0,0,,0,
12.58,0.050,423,53,0.0,0.0,Bewitcher Cave,0,0,,0,
12.63,0.050,423,53,0.0,0.0,Bewitcher Cave,0,0,,0,
12.68,0.050,423,53,0.0,0.0,Bewitcher Cave,0,0,,0,
12.73,0.051,423,53,0.0,0.0,Bewitcher Cave,0,0,,0,
12.78,0.050,423,53,0.0,0.0,Bewitcher Cave,0,0,,0,
12.83,0.051,423,53,0.0,0.0,Bewitcher Cave,0,0,,0,
12.88,0.051,423,53,0.0,0.0,Bewitcher Cave,0,0,,0,
12.93,0.051,423,53,0.0,0.0,Bewitcher Cave,0,0,,0,
12.98,0.051,423,53,0.0,0.0,Bewitcher Cave,0,0,,0,
13.04,0.051,423,53,0.0,0.0,Bewitcher Cave,0,0,,0,
13.09,0.051,423,53,0.0,0.0,Bewitcher Cave,0,0,,0,
13.14,0.050,423,53,0.0,0.0,Bewitcher Cave,0,0,,0,
13.19,0.050,423,53,0.0,0.0,Bewitcher Cave,0,0,,0,
13.24,0.050,423,53,0.0,0.0,Bewitcher Cave,0,0,,0,
13.29,0.051,423,53,0.0,0.0,Bewitcher Cave,0,0,,0,
13.34,0.050,423,53,0.0,0.0,Bewitcher Cave,0,0,,0,
13.39,0.051,423,53,0.0,0.0,Bewitcher Cave,0,0,,0,
13.44,0.051,423,53,0.0,0.0,Bewitcher Cave,0,0,,0,
13.49,0.050,423,53,0.0,0.0,Bewitcher Cave,0,0,,0,
13.54,0.051,423,53,0.0,0.0,Bewitcher Cave,0,0,,0,
13.59,0.050,423,53,0.0,0.0,Bewitcher Cave,0,0,,0,
13.64,0.050,423,53,0.0,0.0,Bewitcher Cave,0,0,,0,
13.69,0.050,423,53,0.0,0.0,Bewitcher Cave,0,0,,0,
13.74,0.050,423,53,0.0,0.0,Bewitcher Cave,0,0,,0,
13.79,0.050,423,53,0.0,0.0,Bewitcher Cave,0,0,,0,
13.84,0.050,423,53,0.0,0.0,Bewitcher Cave,0,0,,0,
13.89,0.050,423,53,0.0,0.0,Bewitcher Cave,0,0,,0,
13.94,0.051,423,53,0.0,0.0,Bewitcher Cave,0,0,,0,
13.99,0.051,423,53,0.0,0.0,Bewitcher Cave,0,0,,0,
14.04,0.051,423,53,0.0,0.0,Bewitcher Cave,0,0,,0,
14.10,0.051,423,53,0.0,0.0,Bewitcher Cave,0,0,,0,
14.15,0.050,423,53,0.0,0.0,Bewitcher Cave,0,0,,0,
14.20,0.051,423,53,0.0,0.0,Bewitcher Cave,0,0,,0,
14.25,0.051,423,53,0.0,0.0,Bewitcher Cave,0,0,,0,
14.30,0.051,423,53,0.0,0.0,Bewitcher Cave,0,0,,0,
14.35,0.051,423,53,0.0,0.0,Bewitcher Cave,0,0,,0,
14.40,0.050,423,53,0.0,0.0,Bewitcher Cave,0,0,,0,
14.45,0.050,423,53,0.0,0.0,Bewitcher Cave,0,0,,0,
14.50,0.051,423,53,0.0,0.0,Bewitcher Cave,0,0,,0,
14.55,0.051,423,53,0.0,0.0,Bewitcher Cave,0,0,,0,
14.60,0.051,423,53,0.0,0.0,Bewitcher Cave,0,0,,0,
14.65,0.051,423,53,0.0,0.0,Bewitcher Cave,0,0,,0,
14.70,0.051,423,53,0.0,0.0,Bewitcher Cave,0,0,,0,
14.75,0.051,423,53,0.0,0.0,Bewitcher Cave,0,0,,0,
14.80,0.051,423,53,0.0,0.0,Bewitcher Cave,0,0,,0,
14.86,0.050,422,54,1.4,28.0,Bewitcher Cave,0,0,,0,
14.91,0.051,422,54,0.0,0.0,Bewitcher Cave,0,0,,0,
14.96,0.051,421,54,1.0,19.8,Bewitcher Cave,0,0,,0,
15.01,0.051,421,54,0.0,0.0,Bewitcher Cave,0,0,,0,
15.06,0.051,420,55,1.4,28.0,Bewitcher Cave,0,0,,0,
15.11,0.051,420,55,0.0,0.0,Bewitcher Cave,0,0,,0,
15.16,0.051,418,56,2.2,44.2,Bewitcher Cave,0,0,,0,
15.21,0.050,418,56,0.0,0.0,Bewitcher Cave,0,0,,0,
15.26,0.050,417,57,1.4,28.1,Bewitcher Cave,0,0,,0,
15.31,0.051,417,57,0.0,0.0,Bewitcher Cave,0,0,,0,
15.36,0.051,416,58,1.4,28.0,Bewitcher Cave,0,0,,0,
15.41,0.050,416,58,0.0,0.0,Bewitcher Cave,0,0,,0,
15.46,0.051,414,59,2.2,44.2,Bewitcher Cave,0,0,,0,
15.51,0.051,414,59,0.0,0.0,Bewitcher Cave,0,0,,0,
15.56,0.051,413,60,1.4,27.8,Bewitcher Cave,0,0,,0,
15.61,0.051,413,60,0.0,0.0,Bewitcher Cave,0,0,,0,
15.66,0.050,412,60,1.0,19.9,Bewitcher Cave,0,0,,0,
15.71,0.051,412,60,0.0,0.0,Bewitcher Cave,0,0,,0,
15.77,0.051,410,61,2.2,44.0,Bewitcher Cave,0,0,,0,
15.82,0.051,410,61,0.0,0.0,Bewitcher Cave,0,0,,0,
15.87,0.051,409,62,1.4,27.6,Bewitcher Cave,0,0,,0,
15.92,0.050,409,62,0.0,0.0,Bewitcher Cave,0,0,,0,
15.97,0.050,407,63,2.2,44.5,Bewitcher Cave,0,0,,0,
16.02,0.051,407,63,0.0,0.0,Bewitcher Cave,0,0,,0,
16.07,0.051,406,64,1.4,27.9,Bewitcher Cave,0,0,,0,
16.12,0.051,406,64,0.0,0.0,Bewitcher Cave,0,0,,0,
16.17,0.050,404,65,2.2,44.3,Bewitcher Cave,0,0,,0,
16.22,0.052,404,65,0.0,0.0,Bewitcher Cave,0,0,,0,
16.27,0.050,403,66,1.4,28.2,Bewitcher Cave,0,0,,0,
16.32,0.050,403,66,0.0,0.0,Bewitcher Cave,0,0,,0,
16.37,0.051,402,67,1.4,28.0,Bewitcher Cave,0,0,,0,
16.42,0.051,402,67,0.0,0.0,Bewitcher Cave,0,0,,0,
16.47,0.050,400,68,2.2,44.5,Bewitcher Cave,0,0,,0,
16.52,0.051,400,68,0.0,0.0,Bewitcher Cave,0,0,,0,
16.57,0.050,399,69,1.4,28.1,Bewitcher Cave,0,0,,0,
16.63,0.051,399,69,0.0,0.0,Bewitcher Cave,0,0,,0,
16.68,0.050,398,69,1.0,19.9,Bewitcher Cave,0,0,,0,
16.73,0.051,398,69,0.0,0.0,Bewitcher Cave,0,0,,0,
16.78,0.050,396,70,2.2,44.4,Bewitcher Cave,0,0,,0,
16.83,0.051,396,70,0.0,0.0,Bewitcher Cave,0,0,,0,
16.88,0.051,395,71,1.4,27.9,Bewitcher Cave,0,0,,0,
16.93,0.051,395,71,0.0,0.0,Bewitcher Cave,0,0,,0,
16.98,0.051,393,72,2.2,44.3,Bewitcher Cave,0,0,,0,
17.03,0.050,393,72,0.0,0.0,Bewitcher Cave,0,0,,0,
17.08,0.050,392,73,1.4,28.0,Bewitcher Cave,0,0,,0,
17.13,0.051,392,73,0.0,0.0,Bewitcher Cave,0,0,,0,
17.18,0.051,391,74,1.4,27.9,Bewitcher Cave,0,0,,0,
17.23,0.051,391,74,0.0,0.0,Bewitcher Cave,0,0,,0,
17.28,0.050,389,75,2.2,44.3,Bewitcher Cave,0,0,,0,
17.33,0.050,389,75,0.0,0.0,Bewitcher Cave,0,0,,0,
17.38,0.050,388,76,1.4,28.0,Bewitcher Cave,0,0,,0,
17.43,0.051,388,76,0.0,0.0,Bewitcher Cave,0,0,,0,
17.48,0.050,386,77,2.2,44.5,Bewitcher Cave,0,0,,0,
17.53,0.051,386,77,0.0,0.0,Bewitcher Cave,0,0,,0,
17.59,0.051,385,77,1.0,19.8,Bewitcher Cave,0,0,,0,
17.64,0.051,385,77,0.0,0.0,Bewitcher Cave,0,0,,0,
17.69,0.050,384,78,1.4,28.0,Bewitcher Cave,0,0,,0,
17.74,0.051,382,79,2.2,44.1,Bewitcher Cave,0,0,,0,
17.79,0.051,382,79,0.0,0.0,Bewitcher Cave,0,0,,0,
17.84,0.050,382,79,0.0,0.0,Bewitcher Cave,0,0,,0,
17.89,0.051,381,80,1.4,27.9,Bewitcher Cave,0,0,,0,
17.94,0.051,380,81,1.4,27.9,Bewitcher Cave,0,0,,0,
17.99,0.050,380,81,0.0,0.0,Bewitcher Cave,0,0,,0,
18.04,0.050,378,82,2.2,44.5,Bewitcher Cave,0,0,,0,
18.09,0.051,378,82,0.0,0.0,Bewitcher Cave,0,0,,0,
18.14,0.051,377,83,1.4,27.9,Bewitcher Cave,0,0,,0,
18.19,0.051,377,83,0.0,0.0,Bewitcher Cave,0,0,,0,
18.24,0.051,375,83,2.0,39.4,Bewitcher Cave,0,0,,0,
18.29,0.050,375,83,0.0,0.0,Bewitcher Cave,0,0,,0,
18.34,0.050,374,84,1.4,28.0,Bewitcher Cave,0,0,,0,
18.39,0.050,374,84,0.0,0.0,Bewitcher Cave,0,0,,0,
18.44,0.051,373,85,1.4,27.9,Bewitcher Cave,0,0,,0,
18.50,0.051,373,85,0.0,0.0,Bewitcher Cave,0,0,,0,
18.55,0.051,371,86,2.2,44.2,Bewitcher Cave,0,0,,0,
18.60,0.050,371,86,0.0,0.0,Bewitcher Cave,0,0,,0,
18.65,0.051,371,86,0.0,0.0,Bewitcher Cave,0,0,,0,
18.70,0.051,371,86,0.0,0.0,Bewitcher Cave,0,0,,0,
18.75,0.050,371,86,0.0,0.0,Bewitcher Cave,0,0,,0,
18.80,0.050,371,86,0.0,0.0,Bewitcher Cave,0,0,,0,
18.85,0.050,370,87,1.4,28.1,Bewitcher Cave,0,0,,0,
18.90,0.050,370,87,0.0,0.0,Bewitcher Cave,0,0,,0,
18.95,0.051,369,88,1.4,27.9,Bewitcher Cave,0,0,,0,
19.00,0.050,369,88,0.0,0.0,Bewitcher Cave,0,0,,0,
19.05,0.051,369,88,0.0,0.0,Bewitcher Cave,0,0,,0,
19.10,0.051,369,88,0.0,0.0,Bewitcher Cave,0,0,,0,
19.15,0.050,368,88,1.0,19.8,Bewitcher Cave,0,0,,0,
19.20,0.050,368,88,0.0,0.0,Bewitcher Cave,0,0,,0,
19.25,0.050,368,88,0.0,0.0,Bewitcher Cave,0,0,,0,
19.30,0.050,368,88,0.0,0.0,Bewitcher Cave,0,0,,0,
19.35,0.051,368,88,0.0,0.0,Bewitcher Cave,0,0,,0,
19.40,0.050,368,88,0.0,0.0,Bewitcher Cave,0,0,,0,
19.45,0.050,368,88,0.0,0.0,Bewitcher Cave,0,0,,0,
19.51,0.051,368,88,0.0,0.0,Bewitcher Cave,0,0,,0,
19.56,0.050,367,89,1.4,28.2,Bewitcher Cave,0,0,,0,
19.61,0.051,367,89,0.0,0.0,Bewitcher Cave,0,0,,0,
19.66,0.051,366,91,2.2,44.1,Bewitcher Cave,0,0,,0,
19.71,0.050,366,91,0.0,0.0,Bewitcher Cave,0,0,,0,
19.76,0.051,365,92,1.4,28.0,Bewitcher Cave,0,0,,0,
19.81,0.050,365,92,0.0,0.0,Bewitcher Cave,0,0,,0,
19.86,0.051,364,94,2.2,44.2,Bewitcher Cave,0,0,,0,
19.91,0.051,364,94,0.0,0.0,Bewitcher Cave,0,0,,0,
19.96,0.051,364,95,1.0,19.8,Bewitcher Cave,0,0,,0,
20.01,0.050,364,95,0.0,0.0,Bewitcher Cave,0,0,,0,
20.06,0.051,363,96,1.4,27.9,Bewitcher Cave,0,0,,0,
20.11,0.050,363,96,0.0,0.0,Bewitcher Cave,0,0,,0,
20.16,0.051,362,98,2.2,44.2,Bewitcher Cave,0,0,,0,
20.21,0.050,362,98,0.0,0.0,Bewitcher Cave,0,0,,0,
20.26,0.050,361,99,1.4,28.0,Bewitcher Cave,0,0,,0,
20.31,0.051,361,99,0.0,0.0,Bewitcher Cave,0,0,,0,
20.36,0.050,360,100,1.4,28.0,Centipede Zone,0,0,,0,
20.42,0.052,360,100,0.0,0.0,Centipede Zone,0,0,,0,
20.47,0.050,359,102,2.2,44.4,Centipede Zone,0,0,,0,
20.52,0.050,359,102,0.0,0.0,Centipede Zone,0,0,,0,
20.57,0.050,358,103,1.4,28.1,Centipede Zone,0,0,,0,
20.62,0.051,358,103,0.0,0.0,Centipede Zone,0,0,,0,
20.67,0.051,357,105,2.2,44.2,Centipede Zone,0,0,,0,
20.72,0.050,357,105,0.0,0.0,Centipede Zone,0,0,,0,
20.77,0.051,356,106,1.4,27.8,Centipede Zone,0,0,,0,
20.82,0.051,356,106,0.0,0.0,Centipede Zone,0,0,,0,
20.87,0.051,356,107,1.0,19.8,Centipede Zone,0,0,,0,
20.92,0.050,356,107,0.0,0.0,Centipede Zone,0,0,,0,
20.97,0.051,355,109,2.2,44.2,Centipede Zone,0,0,,0,
21.02,0.051,355,109,0.0,0.0,Centipede Zone,0,0,,0,
21.07,0.050,354,110,1.4,28.1,Centipede Zone,0,0,,0,
21.12,0.050,354,110,0.0,0.0,Centipede Zone,0,0,,0,
21.17,0.050,353,111,1.4,28.2,Centipede Zone,0,0,,0,
21.22,0.051,353,111,0.0,0.0,Centipede Zone,0,0,,0,
21.28,0.051,352,113,2.2,43.9,Centipede Zone,0,0,,0,
21.33,0.051,352,113,0.0,0.0,Centipede Zone,0,0,,0,
21.38,0.051,351,114,1.4,27.9,Centipede Zone,0,0,,0,
21.43,0.051,351,114,0.0,0.0,Centipede Zone,0,0,,0,
21.48,0.050,350,116,2.2,44.3,Centipede Zone,0,0,,0,
21.53,0.051,350,116,0.0,0.0,Centipede Zone,0,0,,0,
21.58,0.051,349,117,1.4,27.9,Centipede Zone,0,0,,0,
21.63,0.051,349,117,0.0,0.0,Centipede Zone,0,0,,0,
21.68,0.050,348,119,2.2,44.3,Centipede Zone,0,0,,0,
21.73,0.050,348,119,0.0,0.0,Centipede Zone,0,0,,0,
21.78,0.050,348,120,1.0,19.9,Centipede Zone,0,0,,0,
21.83,0.050,348,120,0.0,0.0,Centipede Zone,0,0,,0,
21.88,0.050,347,121,1.4,28.0,Centipede Zone,0,0,,0,
21.93,0.051,347,121,0.0,0.0,Centipede Zone,0,0,,0,
21.98,0.051,346,123,2.2,44.2,Centipede Zone,0,0,,0,
22.03,0.051,345,124,1.4,27.9,Centipede Zone,0,0,,0,
22.09,0.050,345,124,0.0,0.0,Centipede Zone,0,0,,0,
22.14,0.051,345,124,0.0,0.0,Centipede Zone,0,0,,0,
22.19,0.050,344,125,1.4,28.1,Centipede Zone,0,0,,0,
22.24,0.051,343,127,2.2,44.2,Centipede Zone,0,0,,0,
22.29,0.051,343,127,0.0,0.0,Centipede Zone,0,0,,0,
22.34,0.050,343,127,0.0,0.0,Centipede Zone,0,0,,0,
22.39,0.050,342,128,1.4,28.1,Centipede Zone,0,0,,0,
22.44,0.050,341,130,2.2,44.3,Centipede Zone,0,0,,0,
22.49,0.051,341,130,0.0,0.0,Centipede Zone,0,0,,0,
22.54,0.050,341,130,0.0,0.0,Centipede Zone,0,0,,0,
22.59,0.050,341,130,0.0,0.0,Centipede Zone,0,0,,0,
22.64,0.051,340,131,1.4,27.9,Centipede Zone,0,0,,0,
22.69,0.051,340,131,0.0,0.0,Centipede Zone,0,0,,0,
22.74,0.051,339,133,2.2,44.0,Centipede Zone,0,0,,0,
22.79,0.050,339,133,0.0,0.0,Centipede Zone,0,0,,0,
22.84,0.051,338,134,1.4,28.0,Centipede Zone,0,0,,0,
22.89,0.050,338,134,0.0,0.0,Centipede Zone,0,0,,0,
22.95,0.051,338,136,2.0,39.3,Centipede Zone,0,0,,0,
23.00,0.050,338,136,0.0,0.0,Centipede Zone,0,0,,0,
23.05,0.050,337,137,1.4,28.0,Centipede Zone,0,0,,0,
23.10,0.051,337,137,0.0,0.0,Centipede Zone,0,0,,0,
23.15,0.051,336,138,1.4,27.9,Centipede Zone,0,0,,0,
23.20,0.051,336,138,0.0,0.0,Centipede Zone,0,0,,0,
23.25,0.050,335,140,2.2,44.4,Centipede Zone,0,0,,0,
23.30,0.050,335,140,0.0,0.0,Centipede Zone,0,0,,0,
23.35,0.050,335,140,0.0,0.0,Centipede Zone,0,0,,0,
23.40,0.050,335,140,0.0,0.0,Centipede Zone,0,0,,0,
23.45,0.051,335,140,0.0,0.0,Centipede Zone,0,0,,0,
23.50,0.050,335,140,0.0,0.0,Centipede Zone,0,0,,0,
23.55,0.051,334,141,1.4,27.9,Centipede Zone,0,0,,0,
23.60,0.051,334,141,0.0,0.0,Centipede Zone,0,0,,0,
23.65,0.051,333,142,1.4,27.9,Centipede Zone,0,0,,0,
23.70,0.050,333,142,0.0,0.0,Centipede Zone,0,0,,0,
23.75,0.051,333,142,0.0,0.0,Centipede Zone,0,0,,0,
23.80,0.050,333,142,0.0,0.0,Centipede Zone,0,0,,0,
23.85,0.050,333,143,1.0,19.9,Centipede Zone,0,0,,0,
23.90,0.051,333,143,0.0,0.0,Centipede Zone,0,0,,0,
23.95,0.050,333,143,0.0,0.0,Centipede Zone,0,0,,0,
24.00,0.050,333,143,0.0,0.0,Centipede Zone,0,0,,0,
24.06,0.050,332,145,2.2,44.3,Centipede Zone,0,0,,0,
24.11,0.050,332,145,0.0,0.0,Centipede Zone,0,0,,0,
24.16,0.051,332,146,1.0,19.7,Centipede Zone,0,0,,0,
24.21,0.050,332,146,0.0,0.0,Centipede Zone,0,0,,0,
24.26,0.050,331,148,2.2,44.3,Centipede Zone,0,0,,0,
24.31,0.051,331,148,0.0,0.0,Centipede Zone,0,0,,0,
24.36,0.051,331,149,1.0,19.6,Centipede Zone,0,0,,0,
24.41,0.051,331,149,0.0,0.0,Centipede Zone,0,0,,0,
24.46,0.051,330,151,2.2,44.0,Centipede Zone,0,0,,0,
24.51,0.050,330,151,0.0,0.0,Centipede Zone,0,0,,0,
24.56,0.051,329,152,1.4,27.8,Centipede Zone,0,0,,0,
24.61,0.050,329,152,0.0,0.0,Centipede Zone,0,0,,0,
24.66,0.050,329,154,2.0,39.7,Centipede Zone,0,0,,0,
24.71,0.051,329,154,0.0,0.0,Centipede Zone,0,0,,0,
24.76,0.051,328,155,1.4,27.9,Centipede Zone,0,0,,0,
24.81,0.051,328,155,0.0,0.0,Centipede Zone,0,0,,0,
24.86,0.051,328,157,2.0,39.6,Centipede Zone,0,0,,0,
24.92,0.051,328,157,0.0,0.0,Centipede Zone,0,0,,0,
24.97,0.051,327,158,1.4,27.8,Centipede Zone,0,0,,0,
25.02,0.051,327,158,0.0,0.0,Centipede Zone,0,0,,0,
25.07,0.051,326,160,2.2,44.3,Centipede Zone,0,0,,0,
25.12,0.051,326,160,0.0,0.0,Centipede Zone,0,0,,0,
25.17,0.051,326,161,1.0,19.7,Centipede Zone,0,0,,0,
25.22,0.050,326,161,0.0,0.0,Centipede Zone,0,0,,0,
25.27,0.051,325,162,1.4,27.6,Centipede Zone,0,0,,0,
25.32,0.050,325,162,0.0,0.0,Centipede Zone,0,0,,0,
25.37,0.051,325,164,2.0,39.4,Centipede Zone,0,0,,0,
25.42,0.051,325,164,0.0,0.0,Centipede Zone,0,0,,0,
25.47,0.051,324,165,1.4,28.0,Centipede Zone,0,0,,0,
25.52,0.051,324,165,0.0,0.0,Centipede Zone,0,0,,0,
25.57,0.050,324,166,1.0,19.9,Centipede Zone,0,0,,0,
25.63,0.051,324,166,0.0,0.0,Centipede Zone,0,0,,0,
25.68,0.050,324,166,0.0,0.0,Centipede Zone,0,0,,0,
25.73,0.051,324,166,0.0,0.0,Centipede Zone,0,0,,0,
25.78,0.051,322,166,2.0,39.6,Centipede Zone,0,0,,0,
25.83,0.051,322,166,0.0,0.0,Centipede Zone,0,0,,0,
25.88,0.051,321,166,1.0,19.6,Centipede Zone,0,0,,0,
25.93,0.051,321,166,0.0,0.0,Centipede Zone,0,0,,0,
25.98,0.051,319,166,2.0,39.5,Centipede Zone,0,0,,0,
26.03,0.050,319,166,0.0,0.0,Centipede Zone,0,0,,0,
26.08,0.051,317,166,2.0,39.6,Centipede Zone,0,0,,0,
26.13,0.050,317,166,0.0,0.0,Centipede Zone,0,0,,0,
26.18,0.050,316,166,1.0,19.8,Centipede Zone,0,0,,0,
26.23,0.050,316,166,0.0,0.0,Centipede Zone,0,0,,0,
26.28,0.051,314,166,2.0,39.4,Centipede Zone,0,0,,0,
26.33,0.051,314,166,0.0,0.0,Centipede Zone,0,0,,0,
26.38,0.050,312,166,2.0,39.7,Bewitcher Cave,0,0,,0,
26.43,0.050,311,166,1.0,19.8,Bewitcher Cave,0,0,,0,
26.48,0.051,311,166,0.0,0.0,Bewitcher Cave,0,0,,0,
26.54,0.051,311,166,0.0,0.0,Bewitcher Cave,0,0,,0,
26.59,0.051,309,166,2.0,39.5,Bewitcher Cave,0,0,,0,
26.64,0.051,308,166,1.0,19.7,Bewitcher Cave,0,0,,0,
26.69,0.050,308,166,0.0,0.0,Bewitcher Cave,0,0,,0,
26.74,0.051,308,166,0.0,0.0,Bewitcher Cave,0,0,,0,
26.79,0.050,306,166,2.0,39.8,Bewitcher Cave,0,0,,0,
26.84,0.050,304,166,2.0,39.7,Bewitcher Cave,0,0,,0,
26.89,0.051,304,166,0.0,0.0,Bewitcher Cave,0,0,,0,
26.94,0.051,304,166,0.0,0.0,Bewitcher Cave,0,0,,0,
26.99,0.051,302,166,2.0,39.4,Bewitcher Cave,0,0,,0,
27.04,0.051,301,166,1.0,19.8,Bewitcher Cave,0,0,,0,
27.09,0.051,301,166,0.0,0.0,Bewitcher Cave,0,0,,0,
27.14,0.050,301,166,0.0,0.0,Bewitcher Cave,0,0,,0,
27.19,0.051,299,166,2.0,39.5,Bewitcher Cave,0,0,,0,
27.24,0.051,298,166,1.0,19.8,Bewitcher Cave,0,0,,0,
27.29,0.050,298,166,0.0,0.0,Bewitcher Cave,0,0,,0,
27.34,0.051,298,166,0.0,0.0,Bewitcher Cave,0,0,,0,
27.39,0.050,296,166,2.0,39.8,Bewitcher Cave,0,0,,0,
27.44,0.050,294,166,2.0,39.8,Bewitcher Cave,0,0,,0,
27.49,0.050,294,166,0.0,0.0,Bewitcher Cave,0,0,,0,
27.55,0.050,294,166,0.0,0.0,Bewitcher Cave,0,0,,0,
27.60,0.051,293,166,1.0,19.6,Bewitcher Cave,0,0,,0,
27.65,0.051,291,166,2.0,39.5,Bewitcher Cave,0,0,,0,
27.70,0.051,291,166,0.0,0.0,Bewitcher Cave,0,0,,0,
27.75,0.051,289,166,2.0,39.2,Bewitcher Cave,0,0,,0,
27.80,0.050,289,166,0.0,0.0,Bewitcher Cave,0,0,,0,
27.85,0.050,288,166,1.0,19.9,Bewitcher Cave,0,0,,0,
27.90,0.051,288,166,0.0,0.0,Bewitcher Cave,0,0,,0,
27.95,0.051,286,166,2.0,39.6,Bewitcher Cave,0,0,,0,
28.00,0.050,286,166,0.0,0.0,Bewitcher Cave,0,0,,0,
28.05,0.050,284,166,2.0,39.7,Bewitcher Cave,0,0,,0,
28.10,0.051,284,166,0.0,0.0,Bewitcher Cave,0,0,,0,
28.15,0.050,283,166,1.0,19.8,Bewitcher Cave,0,0,,0,
28.20,0.051,283,166,0.0,0.0,Bewitcher Cave,0,0,,0,
28.25,0.051,281,166,2.0,39.5,Bewitcher Cave,0,0,,0,
28.30,0.051,281,166,0.0,0.0,Bewitcher Cave,0,0,,0,
28.36,0.051,279,166,2.0,39.4,Bewitcher Cave,0,0,,0,
28.41,0.050,279,166,0.0,0.0,Bewitcher Cave,0,0,,0,
28.46,0.050,278,166,1.0,19.9,Bewitcher Cave,0,0,,0,
28.51,0.050,278,166,0.0,0.0,Bewitcher Cave,0,0,,0,
28.56,0.050,276,166,2.0,39.7,Bewitcher Cave,0,0,,0,
28.61,0.050,276,166,0.0,0.0,Bewitcher Cave,0,0,,0,
28.66,0.051,274,166,2.0,39.5,Bewitcher Cave,0,0,,0,
28.71,0.051,274,166,0.0,0.0,Bewitcher Cave,0,0,,0,
28.76,0.051,274,166,0.0,0.0,Bewitcher Cave,0,0,,0,
28.81,0.051,274,166,0.0,0.0,Bewitcher Cave,0,0,,0,
28.86,0.050,274,166,0.0,0.0,Bewitcher Cave,0,0,,0,
28.91,0.050,274,166,0.0,0.0,Bewitcher Cave,0,0,,0,
28.96,0.051,272,166,2.0,39.6,Bewitcher Cave,0,0,,0,
29.01,0.051,272,166,0.0,0.0,Bewitcher Cave,0,0,,0,
29.06,0.050,271,166,1.0,19.8,Bewitcher Cave,0,0,,0,
29.11,0.050,271,166,0.0,0.0,Bewitcher Cave,0,0,,0,
29.16,0.051,269,166,2.0,39.5,Bewitcher Cave,0,0,,0,
29.21,0.050,269,166,0.0,0.0,Bewitcher Cave,0,0,,0,
29.26,0.051,267,166,2.0,39.5,Bewitcher Cave,0,0,,0,
29.31,0.051,267,166,0.0,0.0,Bewitcher Cave,0,0,,0,
29.37,0.050,266,166,1.0,19.8,Bewitcher Cave,0,0,,0,
29.42,0.051,266,166,0.0,0.0,Bewitcher Cave,0,0,,0,
29.47,0.052,264,166,2.0,38.8,Bewitcher Cave,0,0,,0,
29.52,0.050,264,166,0.0,0.0,Bewitcher Cave,0,0,,0,
29.57,0.051,262,166,2.0,39.5,Bewitcher Cave,0,0,,0,
29.62,0.050,262,166,0.0,0.0,Bewitcher Cave,0,0,,0,
29.67,0.051,261,166,1.0,19.8,Bewitcher Cave,0,0,,0,
29.72,0.050,261,166,0.0,0.0,Bewitcher Cave,0,0,,0,
29.77,0.050,259,166,2.0,39.8,Bewitcher Cave,0,0,,0,
29.82,0.050,259,166,0.0,0.0,Bewitcher Cave,0,0,,0,
29.87,0.050,259,166,0.0,0.0,Bewitcher Cave,0,0,,0,
29.92,0.051,259,166,0.0,0.0,Bewitcher Cave,0,0,,0,
29.97,0.051,259,166,0.0,0.0,Bewitcher Cave,0,0,,0,
30.02,0.050,259,166,0.0,0.0,Bewitcher Cave,0,0,,0,
30.07,0.050,258,166,1.0,19.8,Bewitcher Cave,0,0,,0,
30.12,0.051,258,166,0.0,0.0,Bewitcher Cave,0,0,,0,
30.17,0.051,258,166,0.0,0.0,Bewitcher Cave,0,0,,0,
30.22,0.051,258,166,0.0,0.0,Bewitcher Cave,0,0,,0,
30.28,0.050,256,166,2.0,39.7,Bewitcher Cave,0,0,,0,
30.33,0.051,256,166,0.0,0.0,Bewitcher Cave,0,0,,0,
30.38,0.051,255,166,1.0,19.7,Bewitcher Cave,0,0,,0,
30.43,0.051,255,166,0.0,0.0,Bewitcher Cave,0,0,,0,
30.48,0.050,253,166,2.0,39.7,Bewitcher Cave,0,0,,0,
30.53,0.051,253,166,0.0,0.0,Bewitcher Cave,0,0,,0,
30.58,0.050,251,166,2.0,39.7,Bewitcher Cave,0,0,,0,
30.63,0.050,251,166,0.0,0.0,Bewitcher Cave,0,0,,0,
30.68,0.050,250,166,1.0,19.8,Bewitcher Cave,0,0,,0,
30.73,0.051,250,166,0.0,0.0,Bewitcher Cave,0,0,,0,
30.78,0.050,248,166,2.0,39.7,Bewitcher Cave,0,0,,0,
30.83,0.051,248,166,0.0,0.0,Bewitcher Cave,0,0,,0,
30.88,0.050,246,166,2.0,39.7,Bewitcher Cave,0,0,,0,
30.93,0.051,246,166,0.0,0.0,Bewitcher Cave,0,0,,0,
30.98,0.051,245,166,1.0,19.8,Bewitcher Cave,0,0,,0,
31.03,0.051,245,166,0.0,0.0,Bewitcher Cave,0,0,,0,
31.08,0.050,243,166,2.0,39.7,Bewitcher Cave,0,0,,0,
31.13,0.050,243,166,0.0,0.0,Bewitcher Cave,0,0,,0,
31.18,0.051,241,166,2.0,39.6,Bewitcher Cave,0,0,,0,
31.23,0.051,240,166,1.0,19.7,Bewitcher Cave,0,0,,0,
31.29,0.050,240,166,0.0,0.0,Bewitcher Cave,0,0,,0,
31.34,0.050,240,166,0.0,0.0,Bewitcher Cave,0,0,,0,
31.39,0.051,238,166,2.0,39.5,Bewitcher Cave,0,0,,0,
31.44,0.051,237,166,1.0,19.8,Bewitcher Cave,0,0,,0,
31.49,0.050,237,166,0.0,0.0,Bewitcher Cave,0,0,,0,
31.54,0.051,237,166,0.0,0.0,Bewitcher Cave,0,0,,0,
31.59,0.051,235,166,2.0,39.6,Bewitcher Cave,0,0,,0,
31.64,0.051,233,166,2.0,39.6,Bewitcher Cave,0,0,,0,
31.69,0.050,233,166,0.0,0.0,Bewitcher Cave,0,0,,0,
31.74,0.051,232,166,1.0,19.7,Bewitcher Cave,0,0,,0,
31.79,0.051,232,166,0.0,0.0,Bewitcher Cave,0,0,,0,
31.84,0.050,232,166,0.0,0.0,Bewitcher Cave,0,0,,0,
31.89,0.051,230,166,2.0,39.6,Bewitcher Cave,0,0,,0,
31.94,0.051,228,166,2.0,39.3,Bewitcher Cave,0,0,,0,
31.99,0.051,228,166,0.0,0.0,Bewitcher Cave,0,0,,0,
32.04,0.051,228,166,0.0,0.0,Bewitcher Cave,0,0,,0,
32.09,0.051,226,166,2.0,39.3,Bewitcher Cave,0,0,,0,
32.15,0.050,225,166,1.0,19.8,Bewitcher Cave,0,0,,0,
32.20,0.050,225,166,0.0,0.0,Bewitcher Cave,0,0,,0,
32.25,0.051,223,166,2.0,39.6,Bewitcher Cave,0,0,,0,
32.30,0.051,223,166,0.0,0.0,Bewitcher Cave,0,0,,0,
32.35,0.051,222,166,1.0,19.6,Bewitcher Cave,0,0,,0,
32.40,0.051,222,166,0.0,0.0,Bewitcher Cave,0,0,,0,
32.45,0.050,220,166,2.0,39.6,Bewitcher Cave,0,0,,0,
32.50,0.051,220,166,0.0,0.0,Bewitcher Cave,0,0,,0,
32.55,0.050,218,166,2.0,39.8,Bewitcher Cave,0,0,,0,
32.60,0.051,218,166,0.0,0.0,Bewitcher Cave,0,0,,0,
32.65,0.051,217,166,1.0,19.7,Bewitcher Cave,0,0,,0,
32.70,0.050,217,166,0.0,0.0,Bewitcher Cave,0,0,,0,
32.75,0.051,215,166,2.0,39.6,Bewitcher Cave,0,0,,0,
32.80,0.051,215,166,0.0,0.0,Bewitcher Cave,0,0,,0,
32.85,0.051,213,166,2.0,39.6,Bewitcher Cave,0,0,,0,
32.90,0.051,213,166,0.0,0.0,Bewitcher Cave,0,0,,0,
32.95,0.051,212,166,1.0,19.7,Bewitcher Cave,0,0,,0,
33.01,0.051,212,166,0.0,0.0,Bewitcher Cave,0,0,,0,
33.06,0.050,210,166,2.0,39.7,Bewitcher Cave,0,0,,0,
33.11,0.050,210,166,0.0,0.0,Bewitcher Cave,0,0,,0,
33.16,0.051,209,166,1.0,19.8,Bewitcher Cave,0,0,,0,
33.21,0.050,209,166,0.0,0.0,Bewitcher Cave,0,0,,0,
33.26,0.050,208,166,1.0,19.9,Bewitcher Cave,0,0,,0,
33.31,0.050,208,166,0.0,0.0,Bewitcher Cave,0,0,,0,
33.36,0.050,207,166,1.0,19.9,Bewitcher Cave,0,0,,0,
33.41,0.051,207,166,0.0,0.0,Bewitcher Cave,0,0,,0,
33.46,0.051,205,166,2.0,39.6,Bewitcher Cave,0,0,,0,
33.51,0.051,205,166,0.0,0.0,Bewitcher Cave,0,0,,0,
33.56,0.050,204,166,1.0,19.8,Bewitcher Cave,0,0,,0,
33.61,0.050,204,166,0.0,0.0,Bewitcher Cave,0,0,,0,
33.66,0.051,203,166,1.0,19.8,Bewitcher Cave,0,0,,0,
33.71,0.051,203,166,0.0,0.0,Bewitcher Cave,0,0,,0,
33.76,0.051,201,166,2.0,39.6,Bewitcher Cave,0,0,,0,
33.81,0.051,201,166,0.0,0.0,Bewitcher Cave,0,0,,0,
33.86,0.050,200,166,1.0,19.8,Bewitcher Cave,0,0,,0,
33.91,0.051,200,166,0.0,0.0,Bewitcher Cave,0,0,,0,
33.96,0.050,199,166,1.0,19.8,Bewitcher Cave,0,0,,0,
34.01,0.050,199,166,0.0,0.0,Bewitcher Cave,0,0,,0,
34.07,0.051,197,166,2.0,39.5,Bewitcher Cave,0,0,,0,
34.12,0.051,197,166,0.0,0.0,Bewitcher Cave,0,0,,0,
34.17,0.051,196,166,1.0,19.7,Bewitcher Cave,0,0,,0,
34.22,0.050,196,166,0.0,0.0,Bewitcher Cave,0,0,,0,
34.27,0.051,195,166,1.0,19.7,Bewitcher Cave,0,0,,0,
34.32,0.051,195,166,0.0,0.0,Bewitcher Cave,0,0,,0,
34.37,0.051,195,166,0.0,0.0,Bewitcher Cave,0,0,,0,
34.42,0.050,195,166,0.0,0.0,Bewitcher Cave,0,0,,0,
34.47,0.051,194,166,1.0,19.8,Bewitcher Cave,0,0,,0,
34.52,0.051,194,166,0.0,0.0,Bewitcher Cave,0,0,,0,
34.57,0.051,193,166,1.0,19.7,Bewitcher Cave,0,0,,0,
34.62,0.051,193,166,0.0,0.0,Bewitcher Cave,0,0,,0,
34.67,0.051,193,166,0.0,0.0,Bewitcher Cave,0,0,,0,
34.72,0.050,193,166,0.0,0.0,Bewitcher Cave,0,0,,0,
34.77,0.050,192,166,1.0,19.9,Bewitcher Cave,0,0,,0,
34.82,0.050,192,166,0.0,0.0,Bewitcher Cave,0,0,,0,
34.87,0.051,192,166,0.0,0.0,Bewitcher Cave,0,0,,0,
34.92,0.050,192,166,0.0,0.0,Bewitcher Cave,0,0,,0,
34.98,0.051,192,166,0.0,0.0,Bewitcher Cave,0,0,,0,
35.03,0.050,192,166,0.0,0.0,Bewitcher Cave,0,0,,0,
35.08,0.050,192,166,0.0,0.0,Bewitcher Cave,0,0,,0,
35.13,0.050,192,166,0.0,0.0,Bewitcher Cave,0,0,,0,
35.18,0.050,192,166,0.0,0.0,Bewitcher Cave,0,0,,0,
35.23,0.050,192,166,0.0,0.0,Bewitcher Cave,0,0,,0,
35.28,0.050,192,166,0.0,0.0,Bewitcher Cave,0,0,,0,
35.33,0.051,192,166,0.0,0.0,Bewitcher Cave,0,0,,0,
35.38,0.050,192,166,0.0,0.0,Bewitcher Cave,0,0,,0,
35.43,0.051,192,166,0.0,0.0,Bewitcher Cave,0,0,,0,
35.48,0.050,192,166,0.0,0.0,Bewitcher Cave,0,0,,0,
35.53,0.051,192,166,0.0,0.0,Bewitcher Cave,0,0,,0,
35.58,0.051,192,166,0.0,0.0,Bewitcher Cave,0,0,,0,
35.63,0.051,192,166,0.0,0.0,Bewitcher Cave,0,0,,0,
35.68,0.050,192,166,0.0,0.0,Bewitcher Cave,0,0,,0,
35.73,0.050,192,166,0.0,0.0,Bewitcher Cave,0,0,,0,
35.78,0.050,192,166,0.0,0.0,Bewitcher Cave,0,0,,0,
35.83,0.051,192,166,0.0,0.0,Bewitcher Cave,0,0,,0,
35.88,0.050,192,166,0.0,0.0,Bewitcher Cave,0,0,,0,
35.93,0.051,192,166,0.0,0.0,Bewitcher Cave,0,0,,0,
35.98,0.050,192,166,0.0,0.0,Bewitcher Cave,0,0,,0,
36.03,0.051,192,166,0.0,0.0,Bewitcher Cave,0,0,,0,
36.09,0.050,192,166,0.0,0.0,Bewitcher Cave,0,0,,0,
36.14,0.050,192,166,0.0,0.0,Bewitcher Cave,0,0,,0,
36.19,0.051,192,166,0.0,0.0,Bewitcher Cave,0,0,,0,
36.24,0.051,192,166,0.0,0.0,Bewitcher Cave,0,0,,0,
36.29,0.050,192,166,0.0,0.0,Bewitcher Cave,0,0,,0,
36.34,0.050,192,166,0.0,0.0,Bewitcher Cave,0,0,,0,
36.39,0.051,192,166,0.0,0.0,Bewitcher Cave,0,0,,0,
36.44,0.051,192,166,0.0,0.0,Bewitcher Cave,0,0,,0,
36.49,0.050,192,166,0.0,0.0,Bewitcher Cave,0,0,,0,
36.54,0.051,192,166,0.0,0.0,Bewitcher Cave,0,0,,0,
36.59,0.051,192,166,0.0,0.0,Bewitcher Cave,0,0,,0,
36.64,0.050,192,166,0.0,0.0,Bewitcher Cave,0,0,,0,
36.69,0.051,192,166,0.0,0.0,Bewitcher Cave,0,0,,0,
36.74,0.051,192,166,0.0,0.0,Bewitcher Cave,0,0,,0,
36.79,0.050,192,166,0.0,0.0,Bewitcher Cave,0,0,,0,
36.84,0.050,192,166,0.0,0.0,Bewitcher Cave,0,0,,0,
36.89,0.050,192,166,0.0,0.0,Bewitcher Cave,0,0,,0,
36.94,0.051,192,166,0.0,0.0,Bewitcher Cave,0,0,,0,
36.99,0.050,192,166,0.0,0.0,Bewitcher Cave,0,0,,0,
37.05,0.050,192,166,0.0,0.0,Bewitcher Cave,0,0,,0,
37.10,0.050,192,166,0.0,0.0,Bewitcher Cave,0,0,,0,
37.15,0.051,192,166,0.0,0.0,Bewitcher Cave,0,0,,0,
37.20,0.051,192,166,0.0,0.0,Bewitcher Cave,0,0,,0,
37.25,0.051,192,166,0.0,0.0,Bewitcher Cave,0,0,,0,
37.30,0.051,192,166,0.0,0.0,Bewitcher Cave,0,0,,0,
37.35,0.050,192,166,0.0,0.0,Bewitcher Cave,0,0,,0,
37.40,0.051,192,166,0.0,0.0,Bewitcher Cave,0,0,,0,
37.45,0.051,192,166,0.0,0.0,Bewitcher Cave,0,0,,0,
37.50,0.051,192,166,0.0,0.0,Bewitcher Cave,0,0,,0,
37.55,0.051,192,166,0.0,0.0,Bewitcher Cave,0,0,,0,
37.60,0.050,192,166,0.0,0.0,Bewitcher Cave,0,0,,0,
37.65,0.050,192,166,0.0,0.0,Bewitcher Cave,0,0,,0,
37.70,0.050,192,166,0.0,0.0,Bewitcher Cave,0,0,,0,
37.75,0.050,192,166,0.0,0.0,Bewitcher Cave,0,0,,0,
37.80,0.050,192,166,0.0,0.0,Bewitcher Cave,0,0,,0,
37.85,0.051,192,166,0.0,0.0,Bewitcher Cave,0,0,,0,
37.90,0.050,192,166,0.0,0.0,Bewitcher Cave,0,0,,0,
37.95,0.051,192,166,0.0,0.0,Bewitcher Cave,0,0,,0,
38.01,0.051,192,166,0.0,0.0,Bewitcher Cave,0,0,,0,
38.06,0.051,192,166,0.0,0.0,Bewitcher Cave,0,0,,0,
38.11,0.050,192,166,0.0,0.0,Bewitcher Cave,0,0,,0,
38.16,0.050,192,166,0.0,0.0,Bewitcher Cave,0,0,,0,
38.21,0.051,192,166,0.0,0.0,Bewitcher Cave,0,0,,0,
38.26,0.051,192,166,0.0,0.0,Bewitcher Cave,0,0,,0,
38.31,0.051,192,166,0.0,0.0,Bewitcher Cave,0,0,,0,
38.36,0.050,192,166,0.0,0.0,Bewitcher Cave,0,0,,0,
38.41,0.051,192,166,0.0,0.0,Bewitcher Cave,0,0,,0,
38.46,0.051,192,166,0.0,0.0,Bewitcher Cave,0,0,,0,
38.51,0.050,192,166,0.0,0.0,Bewitcher Cave,0,0,,0,
38.56,0.051,192,166,0.0,0.0,Bewitcher Cave,0,0,,0,
38.61,0.050,192,166,0.0,0.0,Bewitcher Cave,0,0,,0,
38.66,0.050,192,166,0.0,0.0,Bewitcher Cave,0,0,,0,
38.72,0.052,192,166,0.0,0.0,Bewitcher Cave,0,0,,0,
38.77,0.051,192,166,0.0,0.0,Bewitcher Cave,0,0,,0,
38.82,0.051,192,166,0.0,0.0,Bewitcher Cave,0,0,,0,
38.87,0.050,192,166,0.0,0.0,Bewitcher Cave,0,0,,0,
38.92,0.050,192,166,0.0,0.0,Bewitcher Cave,0,0,,0,
38.97,0.051,192,166,0.0,0.0,Bewitcher Cave,0,0,,0,
39.02,0.051,192,166,0.0,0.0,Bewitcher Cave,0,0,,0,
39.07,0.050,192,166,0.0,0.0,Bewitcher Cave,0,0,,0,
39.12,0.050,192,166,0.0,0.0,Bewitcher Cave,0,0,,0,
39.17,0.051,192,166,0.0,0.0,Bewitcher Cave,0,0,,0,
39.22,0.051,192,166,0.0,0.0,Bewitcher Cave,0,0,,0,
39.27,0.051,192,166,0.0,0.0,Bewitcher Cave,0,0,,0,
39.32,0.050,192,166,0.0,0.0,Bewitcher Cave,0,0,,0,
39.37,0.050,192,166,0.0,0.0,Bewitcher Cave,0,0,,0,
39.42,0.050,192,166,0.0,0.0,Bewitcher Cave,0,0,,0,
39.47,0.050,192,166,0.0,0.0,Bewitcher Cave,0,0,,0,
39.52,0.050,192,166,0.0,0.0,Bewitcher Cave,0,0,,0,
39.57,0.050,192,166,0.0,0.0,Bewitcher Cave,0,0,,0,
39.62,0.051,192,166,0.0,0.0,Bewitcher Cave,0,0,,0,
39.67,0.051,192,166,0.0,0.0,Bewitcher Cave,0,0,,0,
39.72,0.050,192,166,0.0,0.0,Bewitcher Cave,0,0,,0,
39.78,0.050,192,166,0.0,0.0,Bewitcher Cave,0,0,,0,
39.83,0.051,192,166,0.0,0.0,Bewitcher Cave,0,0,,0,
39.88,0.051,192,166,0.0,0.0,Bewitcher Cave,0,0,,0,
39.93,0.051,192,166,0.0,0.0,Bewitcher Cave,0,0,,0,
39.98,0.051,192,166,0.0,0.0,Bewitcher Cave,0,0,,0,
40.03,0.051,192,166,0.0,0.0,Bewitcher Cave,0,0,,0,
40.08,0.051,192,166,0.0,0.0,Bewitcher Cave,0,0,,0,
40.13,0.050,192,166,0.0,0.0,Bewitcher Cave,0,0,,0,
40.18,0.051,192,166,0.0,0.0,Bewitcher Cave,0,0,,0,
40.23,0.050,192,166,0.0,0.0,Bewitcher Cave,0,0,,0,
40.28,0.051,192,166,0.0,0.0,Bewitcher Cave,0,0,,0,
40.33,0.051,192,166,0.0,0.0,Bewitcher Cave,0,0,,0,
40.38,0.050,192,166,0.0,0.0,Bewitcher Cave,0,0,,0,
40.43,0.051,192,166,0.0,0.0,Bewitcher Cave,0,0,,0,
40.48,0.050,192,166,0.0,0.0,Bewitcher Cave,0,0,,0,
40.53,0.051,192,166,0.0,0.0,Bewitcher Cave,0,0,,0,
40.58,0.051,192,166,0.0,0.0,Bewitcher Cave,0,0,,0,
40.64,0.051,192,166,0.0,0.0,Bewitcher Cave,0,0,,0,
40.69,0.051,192,166,0.0,0.0,Bewitcher Cave,0,0,,0,
40.74,0.050,192,166,0.0,0.0,Bewitcher Cave,0,0,,0,
40.79,0.050,192,166,0.0,0.0,Bewitcher Cave,0,0,,0,
40.84,0.050,192,166,0.0,0.0,Bewitcher Cave,0,0,,0,
40.89,0.050,192,166,0.0,0.0,Bewitcher Cave,0,0,,0,
40.94,0.051,192,166,0.0,0.0,Bewitcher Cave,0,0,,0,
40.99,0.050,192,166,0.0,0.0,Bewitcher Cave,0,0,,0,
41.04,0.051,192,166,0.0,0.0,Bewitcher Cave,0,0,,0,
41.09,0.050,192,166,0.0,0.0,Bewitcher Cave,0,0,,0,
41.14,0.051,192,166,0.0,0.0,Bewitcher Cave,0,0,,0,
41.19,0.050,192,166,0.0,0.0,Bewitcher Cave,0,0,,0,
41.24,0.051,192,166,0.0,0.0,Bewitcher Cave,0,0,,0,
41.29,0.051,192,166,0.0,0.0,Bewitcher Cave,0,0,,0,
41.34,0.050,192,166,0.0,0.0,Bewitcher Cave,0,0,,0,
41.39,0.051,192,166,0.0,0.0,Bewitcher Cave,0,0,,0,
41.44,0.051,192,166,0.0,0.0,Bewitcher Cave,0,0,,0,
41.49,0.051,192,166,0.0,0.0,Bewitcher Cave,0,0,,0,
41.55,0.051,192,166,0.0,0.0,Bewitcher Cave,0,0,,0,
41.60,0.051,192,166,0.0,0.0,Bewitcher Cave,0,0,,0,
41.65,0.051,192,166,0.0,0.0,Bewitcher Cave,0,0,,0,
41.70,0.051,192,166,0.0,0.0,Bewitcher Cave,0,0,,0,
41.75,0.051,192,166,0.0,0.0,Bewitcher Cave,0,0,,0,
41.80,0.051,192,166,0.0,0.0,Bewitcher Cave,0,0,,0,
41.85,0.050,192,166,0.0,0.0,Bewitcher Cave,0,0,,0,
41.90,0.051,192,166,0.0,0.0,Bewitcher Cave,0,0,,0,
41.95,0.051,192,166,0.0,0.0,Bewitcher Cave,0,0,,0,
42.00,0.050,192,166,0.0,0.0,Bewitcher Cave,0,0,,0,
42.05,0.050,192,166,0.0,0.0,Bewitcher Cave,0,0,,0,
42.10,0.050,192,166,0.0,0.0,Bewitcher Cave,0,0,,0,
42.15,0.051,192,166,0.0,0.0,Bewitcher Cave,0,0,,0,
42.20,0.050,192,166,0.0,0.0,Bewitcher Cave,0,0,,0,
42.25,0.050,192,166,0.0,0.0,Bewitcher Cave,0,0,,0,
42.30,0.050,192,166,0.0,0.0,Bewitcher Cave,0,0,,0,
42.35,0.051,192,166,0.0,0.0,Bewitcher Cave,0,0,,0,
42.40,0.050,192,166,0.0,0.0,Bewitcher Cave,0,0,,0,
42.46,0.051,192,166,0.0,0.0,Bewitcher Cave,0,0,,0,
42.51,0.051,192,166,0.0,0.0,Bewitcher Cave,0,0,,0,
42.56,0.051,192,166,0.0,0.0,Bewitcher Cave,0,0,,0,
42.61,0.051,192,166,0.0,0.0,Bewitcher Cave,0,0,,0,
42.66,0.050,192,166,0.0,0.0,Bewitcher Cave,0,0,,0,
42.71,0.050,192,166,0.0,0.0,Bewitcher Cave,0,0,,0,
42.76,0.051,192,166,0.0,0.0,Bewitcher Cave,0,0,,0,
42.81,0.050,192,166,0.0,0.0,Bewitcher Cave,0,0,,0,
42.86,0.050,192,166,0.0,0.0,Bewitcher Cave,0,0,,0,
42.91,0.050,192,166,0.0,0.0,Bewitcher Cave,0,0,,0,
42.96,0.051,192,166,0.0,0.0,Bewitcher Cave,0,0,,0,
43.01,0.050,192,166,0.0,0.0,Bewitcher Cave,0,0,,0,
43.06,0.051,192,166,0.0,0.0,Bewitcher Cave,0,0,,0,
43.11,0.051,192,166,0.0,0.0,Bewitcher Cave,0,0,,0,
43.16,0.051,192,166,0.0,0.0,Bewitcher Cave,0,0,,0,
43.21,0.051,192,166,0.0,0.0,Bewitcher Cave,0,0,,0,
43.27,0.051,192,166,0.0,0.0,Bewitcher Cave,0,0,,0,
43.32,0.050,192,166,0.0,0.0,Bewitcher Cave,0,0,,0,
43.37,0.051,192,166,0.0,0.0,Bewitcher Cave,0,0,,0,
43.42,0.051,192,166,0.0,0.0,Bewitcher Cave,0,0,,0,
43.47,0.051,192,166,0.0,0.0,Bewitcher Cave,0,0,,0,
43.52,0.051,192,166,0.0,0.0,Bewitcher Cave,0,0,,0,
43.57,0.050,192,166,0.0,0.0,Bewitcher Cave,0,0,,0,
43.62,0.051,192,166,0.0,0.0,Bewitcher Cave,0,0,,0,
43.67,0.050,192,166,0.0,0.0,Bewitcher Cave,0,0,,0,
43.72,0.051,192,166,0.0,0.0,Bewitcher Cave,0,0,,0,
43.77,0.051,192,166,0.0,0.0,Bewitcher Cave,0,0,,0,
43.82,0.050,192,166,0.0,0.0,Bewitcher Cave,0,0,,0,
43.87,0.050,192,166,0.0,0.0,Bewitcher Cave,0,0,,0,
43.92,0.051,192,166,0.0,0.0,Bewitcher Cave,0,0,,0,
43.97,0.050,192,166,0.0,0.0,Bewitcher Cave,0,0,,0,
44.02,0.050,192,166,0.0,0.0,Bewitcher Cave,0,0,,0,
44.07,0.050,192,166,0.0,0.0,Bewitcher Cave,0,0,,0,
44.12,0.051,192,166,0.0,0.0,Bewitcher Cave,0,0,,0,
44.18,0.051,192,166,0.0,0.0,Bewitcher Cave,0,0,,0,
44.23,0.051,192,166,0.0,0.0,Bewitcher Cave,0,0,,0,
44.28,0.051,192,166,0.0,0.0,Bewitcher Cave,0,0,,0,
44.33,0.050,192,166,0.0,0.0,Bewitcher Cave,0,0,,0,
44.38,0.050,192,166,0.0,0.0,Bewitcher Cave,0,0,,0,
44.43,0.050,192,166,0.0,0.0,Bewitcher Cave,0,0,,0,
44.48,0.051,192,166,0.0,0.0,Bewitcher Cave,0,0,,0,
44.53,0.051,192,166,0.0,0.0,Bewitcher Cave,0,0,,0,
44.58,0.050,192,166,0.0,0.0,Bewitcher Cave,0,0,,0,
44.63,0.051,192,166,0.0,0.0,Bewitcher Cave,0,0,,0,
44.68,0.050,192,166,0.0,0.0,Bewitcher Cave,0,0,,0,
44.73,0.050,192,166,0.0,0.0,Bewitcher Cave,0,0,,0,
44.78,0.051,192,166,0.0,0.0,Bewitcher Cave,0,0,,0,
44.83,0.051,192,166,0.0,0.0,Bewitcher Cave,0,0,,0,
44.88,0.051,192,166,0.0,0.0,Bewitcher Cave,0,0,,0,
44.93,0.050,192,166,0.0,0.0,Bewitcher Cave,0,0,,0,
44.98,0.051,192,166,0.0,0.0,Bewitcher Cave,0,0,,0,
45.03,0.051,192,166,0.0,0.0,Bewitcher Cave,0,0,,0,
45.08,0.050,192,166,0.0,0.0,Bewitcher Cave,0,0,,0,
45.14,0.051,192,166,0.0,0.0,Bewitcher Cave,0,0,,0,
45.19,0.051,192,166,0.0,0.0,Bewitcher Cave,0,0,,0,
45.24,0.051,192,166,0.0,0.0,Bewitcher Cave,0,0,,0,
45.29,0.050,192,166,0.0,0.0,Bewitcher Cave,0,0,,0,
45.34,0.051,192,166,0.0,0.0,Bewitcher Cave,0,0,,0,
45.39,0.050,192,166,0.0,0.0,Bewitcher Cave,0,0,,0,
45.44,0.051,192,166,0.0,0.0,Bewitcher Cave,0,0,,0,
45.49,0.051,192,166,0.0,0.0,Bewitcher Cave,0,0,,0,
45.54,0.051,192,166,0.0,0.0,Bewitcher Cave,0,0,,0,
45.59,0.050,192,166,0.0,0.0,Bewitcher Cave,0,0,,0,
45.64,0.051,192,166,0.0,0.0,Bewitcher Cave,0,0,,0,
45.69,0.051,192,166,0.0,0.0,Bewitcher Cave,0,0,,0,
45.74,0.050,192,166,0.0,0.0,Bewitcher Cave,0,0,,0,
45.79,0.051,192,166,0.0,0.0,Bewitcher Cave,0,0,,0,
45.84,0.051,192,166,0.0,0.0,Bewitcher Cave,0,0,,0,
45.89,0.050,192,166,0.0,0.0,Bewitcher Cave,0,0,,0,
45.94,0.051,192,166,0.0,0.0,Bewitcher Cave,0,0,,0,
46.00,0.050,192,166,0.0,0.0,Bewitcher Cave,0,0,,0,
46.05,0.051,192,166,0.0,0.0,Bewitcher Cave,0,0,,0,
46.10,0.051,192,166,0.0,0.0,Bewitcher Cave,0,0,,0,
46.15,0.051,192,166,0.0,0.0,Bewitcher Cave,0,0,,0,
46.20,0.051,192,166,0.0,0.0,Bewitcher Cave,0,0,,0,
46.25,0.051,192,166,0.0,0.0,Bewitcher Cave,0,0,,0,
46.30,0.051,192,166,0.0,0.0,Bewitcher Cave,0,0,,0,
46.35,0.051,192,166,0.0,0.0,Bewitcher Cave,0,0,,0,
46.40,0.050,192,166,0.0,0.0,Bewitcher Cave,0,0,,0,
46.45,0.050,192,166,0.0,0.0,Bewitcher Cave,0,0,,0,
46.50,0.051,192,166,0.0,0.0,Bewitcher Cave,0,0,,0,
46.55,0.050,192,166,0.0,0.0,Bewitcher Cave,0,0,,0,
46.60,0.051,192,166,0.0,0.0,Bewitcher Cave,0,0,,0,
46.65,0.051,192,166,0.0,0.0,Bewitcher Cave,0,0,,0,
46.70,0.050,192,166,0.0,0.0,Bewitcher Cave,0,0,,0,
46.75,0.051,192,166,0.0,0.0,Bewitcher Cave,0,0,,0,
46.81,0.051,192,166,0.0,0.0,Bewitcher Cave,0,0,,0,
46.86,0.051,192,166,0.0,0.0,Bewitcher Cave,0,0,,0,
46.91,0.051,192,166,0.0,0.0,Bewitcher Cave,0,0,,0,
46.96,0.050,192,166,0.0,0.0,Bewitcher Cave,0,0,,0,
47.01,0.051,192,166,0.0,0.0,Bewitcher Cave,0,0,,0,
47.06,0.051,192,166,0.0,0.0,Bewitcher Cave,0,0,,0,
47.11,0.051,192,166,0.0,0.0,Bewitcher Cave,0,0,,0,
47.16,0.051,192,166,0.0,0.0,Bewitcher Cave,0,0,,0,
47.21,0.051,192,166,0.0,0.0,Bewitcher Cave,0,0,,0,
47.26,0.051,192,166,0.0,0.0,Bewitcher Cave,0,0,,0,
47.31,0.050,192,166,0.0,0.0,Bewitcher Cave,0,0,,0,
47.36,0.051,192,166,0.0,0.0,Bewitcher Cave,0,0,,0,
47.41,0.051,192,166,0.0,0.0,Bewitcher Cave,0,0,,0,
47.46,0.050,192,166,0.0,0.0,Bewitcher Cave,0,0,,0,
47.51,0.051,192,166,0.0,0.0,Bewitcher Cave,0,0,,0,
47.57,0.051,192,166,0.0,0.0,Bewitcher Cave,0,0,,0,
47.62,0.051,192,166,0.0,0.0,Bewitcher Cave,0,0,,0,
47.67,0.050,192,166,0.0,0.0,Bewitcher Cave,0,0,,0,
47.72,0.050,192,166,0.0,0.0,Bewitcher Cave,0,0,,0,
47.77,0.051,192,166,0.0,0.0,Bewitcher Cave,0,0,,0,
47.82,0.051,192,166,0.0,0.0,Bewitcher Cave,0,0,,0,
47.87,0.050,192,166,0.0,0.0,Bewitcher Cave,0,0,,0,
47.92,0.052,192,166,0.0,0.0,Bewitcher Cave,0,0,,0,
47.97,0.051,192,166,0.0,0.0,Bewitcher Cave,0,0,,0,
48.02,0.050,192,166,0.0,0.0,Bewitcher Cave,0,0,,0,
48.07,0.050,192,166,0.0,0.0,Bewitcher Cave,0,0,,0,
48.12,0.050,192,166,0.0,0.0,Bewitcher Cave,0,0,,0,
48.17,0.050,192,166,0.0,0.0,Bewitcher Cave,0,0,,0,
48.23,0.053,192,166,0.0,0.0,Bewitcher Cave,0,0,,0,
48.28,0.051,192,166,0.0,0.0,Bewitcher Cave,0,0,,0,
48.33,0.051,192,166,0.0,0.0,Bewitcher Cave,0,0,,0,
48.38,0.051,192,166,0.0,0.0,Bewitcher Cave,0,0,,0,
48.43,0.051,192,166,0.0,0.0,Bewitcher Cave,0,0,,0,
48.48,0.051,192,166,0.0,0.0,Bewitcher Cave,0,0,,0,
48.53,0.050,192,166,0.0,0.0,Bewitcher Cave,0,0,,0,
48.58,0.050,192,166,0.0,0.0,Bewitcher Cave,0,0,,0,
48.63,0.050,192,166,0.0,0.0,Bewitcher Cave,0,0,,0,
48.68,0.051,192,166,0.0,0.0,Bewitcher Cave,0,0,,0,
48.73,0.050,192,166,0.0,0.0,Bewitcher Cave,0,0,,0,
48.78,0.051,192,166,0.0,0.0,Bewitcher Cave,0,0,,0,
48.83,0.051,192,166,0.0,0.0,Bewitcher Cave,0,0,,0,
48.88,0.050,192,166,0.0,0.0,Bewitcher Cave,0,0,,0,
48.93,0.051,192,166,0.0,0.0,Bewitcher Cave,0,0,,0,
48.98,0.050,192,166,0.0,0.0,Bewitcher Cave,0,0,,0,
49.03,0.051,192,166,0.0,0.0,Bewitcher Cave,0,0,,0,
49.08,0.050,192,166,0.0,0.0,Bewitcher Cave,0,0,,0,
49.13,0.051,192,166,0.0,0.0,Bewitcher Cave,0,0,,0,
49.19,0.051,192,166,0.0,0.0,Bewitcher Cave,0,0,,0,
49.24,0.051,192,166,0.0,0.0,Bewitcher Cave,0,0,,0,
49.29,0.050,192,166,0.0,0.0,Bewitcher Cave,0,0,,0,
49.34,0.051,192,166,0.0,0.0,Bewitcher Cave,0,0,,0,
49.39,0.051,192,166,0.0,0.0,Bewitcher Cave,0,0,,0,
49.44,0.050,192,166,0.0,0.0,Bewitcher Cave,0,0,,0,
49.49,0.051,192,166,0.0,0.0,Bewitcher Cave,0,0,,0,
49.54,0.050,192,166,0.0,0.0,Bewitcher Cave,0,0,,0,
49.59,0.051,192,166,0.0,0.0,Bewitcher Cave,0,0,,0,
49.64,0.051,192,166,0.0,0.0,Bewitcher Cave,0,0,,0,
49.69,0.050,192,166,0.0,0.0,Bewitcher Cave,0,0,,0,
49.74,0.050,192,166,0.0,0.0,Bewitcher Cave,0,0,,0,
49.79,0.050,192,166,0.0,0.0,Bewitcher Cave,0,0,,0,
49.84,0.051,192,166,0.0,0.0,Bewitcher Cave,0,0,,0,
49.89,0.050,192,166,0.0,0.0,Bewitcher Cave,0,0,,0,
49.94,0.051,192,166,0.0,0.0,Bewitcher Cave,0,0,,0,
49.99,0.051,192,166,0.0,0.0,Bewitcher Cave,0,0,,0,
50.05,0.051,192,166,0.0,0.0,Bewitcher Cave,0,0,,0,
50.10,0.050,192,166,0.0,0.0,Bewitcher Cave,0,0,,0,
50.15,0.051,192,166,0.0,0.0,Bewitcher Cave,0,0,,0,
50.20,0.051,192,166,0.0,0.0,Bewitcher Cave,0,0,,0,
50.25,0.050,192,166,0.0,0.0,Bewitcher Cave,0,0,,0,
50.30,0.051,192,166,0.0,0.0,Bewitcher Cave,0,0,,0,
50.35,0.050,192,166,0.0,0.0,Bewitcher Cave,0,0,,0,
50.40,0.051,192,166,0.0,0.0,Bewitcher Cave,0,0,,0,
50.45,0.050,192,166,0.0,0.0,Bewitcher Cave,0,0,,0,
50.50,0.051,192,166,0.0,0.0,Bewitcher Cave,0,0,,0,
50.55,0.050,192,166,0.0,0.0,Bewitcher Cave,0,0,,0,
50.60,0.051,192,166,0.0,0.0,Bewitcher Cave,0,0,,0,
50.65,0.051,192,166,0.0,0.0,Bewitcher Cave,0,0,,0,
50.70,0.051,192,166,0.0,0.0,Bewitcher Cave,0,0,,0,
50.75,0.051,192,166,0.0,0.0,Bewitcher Cave,0,0,,0,
50.80,0.050,192,166,0.0,0.0,Bewitcher Cave,0,0,,0,
50.85,0.050,192,166,0.0,0.0,Bewitcher Cave,0,0,,0,
50.90,0.050,192,166,0.0,0.0,Bewitcher Cave,0,0,,0,
50.95,0.051,192,166,0.0,0.0,Bewitcher Cave,0,0,,0,
51.00,0.051,192,166,0.0,0.0,Bewitcher Cave,0,0,,0,
51.06,0.051,192,166,0.0,0.0,Bewitcher Cave,0,0,,0,
51.11,0.050,192,166,0.0,0.0,Bewitcher Cave,0,0,,0,
51.16,0.051,192,166,0.0,0.0,Bewitcher Cave,0,0,,0,
51.21,0.050,192,166,0.0,0.0,Bewitcher Cave,0,0,,0,
51.26,0.051,192,166,0.0,0.0,Bewitcher Cave,0,0,,0,
51.31,0.050,192,166,0.0,0.0,Bewitcher Cave,0,0,,0,
51.36,0.051,192,166,0.0,0.0,Bewitcher Cave,0,0,,0,
51.41,0.050,192,166,0.0,0.0,Bewitcher Cave,0,0,,0,
51.46,0.051,192,166,0.0,0.0,Bewitcher Cave,0,0,,0,
51.51,0.050,192,166,0.0,0.0,Bewitcher Cave,0,0,,0,
51.56,0.051,192,166,0.0,0.0,Bewitcher Cave,0,0,,0,
51.61,0.050,192,166,0.0,0.0,Bewitcher Cave,0,0,,0,
51.66,0.051,192,166,0.0,0.0,Bewitcher Cave,0,0,,0,
51.71,0.050,192,166,0.0,0.0,Bewitcher Cave,0,0,,0,
51.76,0.050,192,166,0.0,0.0,Bewitcher Cave,0,0,,0,
51.81,0.050,192,166,0.0,0.0,Bewitcher Cave,0,0,,0,
51.86,0.050,192,166,0.0,0.0,Bewitcher Cave,0,0,,0,
51.91,0.050,192,166,0.0,0.0,Bewitcher Cave,0,0,,0,
51.96,0.050,192,166,0.0,0.0,Bewitcher Cave,0,0,,0,
52.01,0.051,192,166,0.0,0.0,Bewitcher Cave,0,0,,0,
52.06,0.051,192,166,0.0,0.0,Bewitcher Cave,0,0,,0,
52.12,0.051,192,166,0.0,0.0,Bewitcher Cave,0,0,,0,
52.17,0.051,192,166,0.0,0.0,Bewitcher Cave,0,0,,0,
52.22,0.050,192,166,0.0,0.0,Bewitcher Cave,0,0,,0,
52.27,0.051,192,166,0.0,0.0,Bewitcher Cave,0,0,,0,
52.32,0.051,192,166,0.0,0.0,Bewitcher Cave,0,0,,0,
52.37,0.050,192,166,0.0,0.0,Bewitcher Cave,0,0,,0,
52.42,0.051,192,166,0.0,0.0,Bewitcher Cave,0,0,,0,
52.47,0.051,192,166,0.0,0.0,Bewitcher Cave,0,0,,0,
52.52,0.051,192,166,0.0,0.0,Bewitcher Cave,0,0,,0,
52.57,0.051,192,166,0.0,0.0,Bewitcher Cave,0,0,,0,
52.62,0.051,192,166,0.0,0.0,Bewitcher Cave,0,0,,0,
52.67,0.050,192,166,0.0,0.0,Bewitcher Cave,0,0,,0,
52.72,0.050,192,166,0.0,0.0,Bewitcher Cave,0,0,,0,
52.77,0.051,192,166,0.0,0.0,Bewitcher Cave,0,0,,0,
52.82,0.050,192,166,0.0,0.0,Bewitcher Cave,0,0,,0,
52.87,0.051,192,166,0.0,0.0,Bewitcher Cave,0,0,,0,
52.92,0.050,192,166,0.0,0.0,Bewitcher Cave,0,0,,0,
52.97,0.051,192,166,0.0,0.0,Bewitcher Cave,0,0,,0,
53.03,0.050,192,166,0.0,0.0,Bewitcher Cave,0,0,,0,
53.08,0.051,192,166,0.0,0.0,Bewitcher Cave,0,0,,0,
53.13,0.051,192,166,0.0,0.0,Bewitcher Cave,0,0,,0,
53.18,0.051,192,166,0.0,0.0,Bewitcher Cave,0,0,,0,
53.23,0.050,192,166,0.0,0.0,Bewitcher Cave,0,0,,0,
53.28,0.050,192,166,0.0,0.0,Bewitcher Cave,0,0,,0,
53.33,0.051,192,166,0.0,0.0,Bewitcher Cave,0,0,,0,
53.38,0.051,192,166,0.0,0.0,Bewitcher Cave,0,0,,0,
53.43,0.050,192,166,0.0,0.0,Bewitcher Cave,0,0,,0,
53.48,0.050,192,166,0.0,0.0,Bewitcher Cave,0,0,,0,
53.53,0.051,192,166,0.0,0.0,Bewitcher Cave,0,0,,0,
53.58,0.050,192,166,0.0,0.0,Bewitcher Cave,0,0,,0,
53.63,0.051,192,166,0.0,0.0,Bewitcher Cave,0,0,,0,
53.68,0.050,192,166,0.0,0.0,Bewitcher Cave,0,0,,0,
53.73,0.051,192,166,0.0,0.0,Bewitcher Cave,0,0,,0,
53.78,0.051,192,166,0.0,0.0,Bewitcher Cave,0,0,,0,
53.83,0.051,192,166,0.0,0.0,Bewitcher Cave,0,0,,0,
53.89,0.051,192,166,0.0,0.0,Bewitcher Cave,0,0,,0,
53.94,0.051,192,166,0.0,0.0,Bewitcher Cave,0,0,,0,
53.99,0.050,192,166,0.0,0.0,Bewitcher Cave,0,0,,0,
54.04,0.050,192,166,0.0,0.0,Bewitcher Cave,0,0,,0,
54.09,0.051,192,166,0.0,0.0,Bewitcher Cave,0,0,,0,
54.14,0.051,192,166,0.0,0.0,Bewitcher Cave,0,0,,0,
54.19,0.051,192,166,0.0,0.0,Bewitcher Cave,0,0,,0,
54.24,0.050,192,166,0.0,0.0,Bewitcher Cave,0,0,,0,
54.29,0.051,192,166,0.0,0.0,Bewitcher Cave,0,0,,0,
54.34,0.051,192,166,0.0,0.0,Bewitcher Cave,0,0,,0,
54.39,0.051,192,166,0.0,0.0,Bewitcher Cave,0,0,,0,
54.44,0.051,192,166,0.0,0.0,Bewitcher Cave,0,0,,0,
54.49,0.051,192,166,0.0,0.0,Bewitcher Cave,0,0,,0,
54.54,0.051,192,166,0.0,0.0,Bewitcher Cave,0,0,,0,
54.59,0.051,192,166,0.0,0.0,Bewitcher Cave,0,0,,0,
54.65,0.051,192,166,0.0,0.0,Bewitcher Cave,0,0,,0,
54.70,0.050,192,166,0.0,0.0,Bewitcher Cave,0,0,,0,
54.75,0.051,192,166,0.0,0.0,Bewitcher Cave,0,0,,0,
54.80,0.051,192,166,0.0,0.0,Bewitcher Cave,0,0,,0,
54.85,0.050,192,166,0.0,0.0,Bewitcher Cave,0,0,,0,
54.90,0.051,192,166,0.0,0.0,Bewitcher Cave,0,0,,0,
54.95,0.051,192,166,0.0,0.0,Bewitcher Cave,0,0,,0,
55.00,0.051,192,166,0.0,0.0,Bewitcher Cave,0,0,,0,
55.05,0.051,192,166,0.0,0.0,Bewitcher Cave,0,0,,0,
55.10,0.050,192,166,0.0,0.0,Bewitcher Cave,0,0,,0,
55.15,0.051,192,166,0.0,0.0,Bewitcher Cave,0,0,,0,
55.20,0.051,192,166,0.0,0.0,Bewitcher Cave,0,0,,0,
55.25,0.050,192,166,0.0,0.0,Bewitcher Cave,0,0,,0,
55.30,0.051,192,166,0.0,0.0,Bewitcher Cave,0,0,,0,
55.35,0.050,192,166,0.0,0.0,Bewitcher Cave,0,0,,0,
55.40,0.051,192,166,0.0,0.0,Bewitcher Cave,0,0,,0,
55.45,0.050,192,166,0.0,0.0,Bewitcher Cave,0,0,,0,
55.50,0.051,192,166,0.0,0.0,Bewitcher Cave,0,0,,0,
55.56,0.051,192,166,0.0,0.0,Bewitcher Cave,0,0,,0,
55.61,0.050,192,166,0.0,0.0,Bewitcher Cave,0,0,,0,
55.66,0.051,192,166,0.0,0.0,Bewitcher Cave,0,0,,0,
55.71,0.050,192,166,0.0,0.0,Bewitcher Cave,0,0,,0,
55.76,0.050,192,166,0.0,0.0,Bewitcher Cave,0,0,,0,
55.81,0.051,192,166,0.0,0.0,Bewitcher Cave,0,0,,0,
55.86,0.051,192,166,0.0,0.0,Bewitcher Cave,0,0,,0,
55.91,0.051,192,166,0.0,0.0,Bewitcher Cave,0,0,,0,
55.96,0.051,192,166,0.0,0.0,Bewitcher Cave,0,0,,0,
56.01,0.050,192,166,0.0,0.0,Bewitcher Cave,0,0,,0,
56.06,0.051,192,166,0.0,0.0,Bewitcher Cave,0,0,,0,
56.11,0.050,192,166,0.0,0.0,Bewitcher Cave,0,0,,0,
56.16,0.051,192,166,0.0,0.0,Bewitcher Cave,0,0,,0,
56.21,0.050,192,166,0.0,0.0,Bewitcher Cave,0,0,,0,
56.26,0.050,192,166,0.0,0.0,Bewitcher Cave,0,0,,0,
56.31,0.050,192,166,0.0,0.0,Bewitcher Cave,0,0,,0,
56.36,0.051,192,166,0.0,0.0,Bewitcher Cave,0,0,,0,
56.42,0.051,192,166,0.0,0.0,Bewitcher Cave,0,0,,0,
56.47,0.051,192,166,0.0,0.0,Bewitcher Cave,0,0,,0,
56.52,0.051,192,166,0.0,0.0,Bewitcher Cave,0,0,,0,
56.57,0.050,192,166,0.0,0.0,Bewitcher Cave,0,0,,0,
56.62,0.051,192,166,0.0,0.0,Bewitcher Cave,0,0,,0,
56.67,0.051,192,166,0.0,0.0,Bewitcher Cave,0,0,,0,
56.72,0.050,192,166,0.0,0.0,Bewitcher Cave,0,0,,0,
56.77,0.051,192,166,0.0,0.0,Bewitcher Cave,0,0,,0,
56.82,0.050,192,166,0.0,0.0,Bewitcher Cave,0,0,,0,
56.87,0.051,192,166,0.0,0.0,Bewitcher Cave,0,0,,0,
56.92,0.051,192,166,0.0,0.0,Bewitcher Cave,0,0,,0,
56.97,0.050,192,166,0.0,0.0,Bewitcher Cave,0,0,,0,
57.02,0.051,192,166,0.0,0.0,Bewitcher Cave,0,0,,0,
57.07,0.051,192,166,0.0,0.0,Bewitcher Cave,0,0,,0,
57.12,0.051,192,166,0.0,0.0,Bewitcher Cave,0,0,,0,
57.17,0.051,192,166,0.0,0.0,Bewitcher Cave,0,0,,0,
57.22,0.051,192,166,0.0,0.0,Bewitcher Cave,0,0,,0,
57.27,0.051,192,166,0.0,0.0,Bewitcher Cave,0,0,,0,
57.33,0.051,192,166,0.0,0.0,Bewitcher Cave,0,0,,0,
57.38,0.051,192,166,0.0,0.0,Bewitcher Cave,0,0,,0,
57.43,0.050,192,166,0.0,0.0,Bewitcher Cave,0,0,,0,
57.48,0.051,192,166,0.0,0.0,Bewitcher Cave,0,0,,0,
57.53,0.050,192,166,0.0,0.0,Bewitcher Cave,0,0,,0,
57.58,0.051,192,166,0.0,0.0,Bewitcher Cave,0,0,,0,
57.63,0.050,192,166,0.0,0.0,Bewitcher Cave,0,0,,0,
57.68,0.051,192,166,0.0,0.0,Bewitcher Cave,0,0,,0,
57.73,0.051,192,166,0.0,0.0,Bewitcher Cave,0,0,,0,
57.78,0.051,192,166,0.0,0.0,Bewitcher Cave,0,0,,0,
57.83,0.051,192,166,0.0,0.0,Bewitcher Cave,0,0,,0,
57.88,0.050,192,166,0.0,0.0,Bewitcher Cave,0,0,,0,
57.93,0.051,192,166,0.0,0.0,Bewitcher Cave,0,0,,0,
57.98,0.050,192,166,0.0,0.0,Bewitcher Cave,0,0,,0,
58.03,0.050,192,166,0.0,0.0,Bewitcher Cave,0,0,,0,
58.08,0.051,192,166,0.0,0.0,Bewitcher Cave,0,0,,0,
58.13,0.050,192,166,0.0,0.0,Bewitcher Cave,0,0,,0,
58.18,0.051,192,166,0.0,0.0,Bewitcher Cave,0,0,,0,
58.23,0.051,192,166,0.0,0.0,Bewitcher Cave,0,0,,0,
58.29,0.050,192,166,0.0,0.0,Bewitcher Cave,0,0,,0,
58.34,0.051,192,166,0.0,0.0,Bewitcher Cave,0,0,,0,
58.39,0.051,192,166,0.0,0.0,Bewitcher Cave,0,0,,0,
58.44,0.050,192,166,0.0,0.0,Bewitcher Cave,0,0,,0,
58.49,0.050,192,166,0.0,0.0,Bewitcher Cave,0,0,,0,
58.54,0.051,192,166,0.0,0.0,Bewitcher Cave,0,0,,0,
58.59,0.051,192,166,0.0,0.0,Bewitcher Cave,0,0,,0,
58.64,0.051,192,166,0.0,0.0,Bewitcher Cave,0,0,,0,
58.69,0.051,192,166,0.0,0.0,Bewitcher Cave,0,0,,0,
58.74,0.050,192,166,0.0,0.0,Bewitcher Cave,0,0,,0,
58.79,0.050,192,166,0.0,0.0,Bewitcher Cave,0,0,,0,
58.84,0.051,192,166,0.0,0.0,Bewitcher Cave,0,0,,0,
58.89,0.050,192,166,0.0,0.0,Bewitcher Cave,0,0,,0,
58.94,0.050,192,166,0.0,0.0,Bewitcher Cave,0,0,,0,
58.99,0.050,192,166,0.0,0.0,Bewitcher Cave,0,0,,0,
59.04,0.051,192,166,0.0,0.0,Bewitcher Cave,0,0,,0,
59.09,0.051,192,166,0.0,0.0,Bewitcher Cave,0,0,,0,
59.14,0.051,192,166,0.0,0.0,Bewitcher Cave,0,0,,0,
59.19,0.051,192,166,0.0,0.0,Bewitcher Cave,0,0,,0,
59.25,0.051,192,166,0.0,0.0,Bewitcher Cave,0,0,,0,
59.30,0.050,192,166,0.0,0.0,Bewitcher Cave,0,0,,0,
59.35,0.050,192,166,0.0,0.0,Bewitcher Cave,0,0,,0,
59.40,0.050,192,166,0.0,0.0,Bewitcher Cave,0,0,,0,
59.45,0.051,192,166,0.0,0.0,Bewitcher Cave,0,0,,0,
59.50,0.050,192,166,0.0,0.0,Bewitcher Cave,0,0,,0,
59.55,0.051,192,166,0.0,0.0,Bewitcher Cave,0,0,,0,
59.60,0.050,192,166,0.0,0.0,Bewitcher Cave,0,0,,0,
59.65,0.050,192,166,0.0,0.0,Bewitcher Cave,0,0,,0,
59.70,0.050,192,166,0.0,0.0,Bewitcher Cave,0,0,,0,
59.75,0.051,192,166,0.0,0.0,Bewitcher Cave,0,0,,0,
59.80,0.051,192,166,0.0,0.0,Bewitcher Cave,0,0,,0,
59.85,0.051,192,166,0.0,0.0,Bewitcher Cave,0,0,,0,
59.90,0.051,192,166,0.0,0.0,Bewitcher Cave,0,0,,0,
59.95,0.051,192,166,0.0,0.0,Bewitcher Cave,0,0,,0,
60.00,0.051,192,166,0.0,0.0,Bewitcher Cave,0,0,,0,
60.05,0.051,192,166,0.0,0.0,Bewitcher Cave,0,0,,0,
60.10,0.050,192,166,0.0,0.0,Bewitcher Cave,0,0,,0,
60.15,0.051,192,166,0.0,0.0,Bewitcher Cave,0,0,,0,
60.20,0.050,192,166,0.0,0.0,Bewitcher Cave,0,0,,0,
60.26,0.051,192,166,0.0,0.0,Bewitcher Cave,0,0,,0,
60.31,0.051,192,166,0.0,0.0,Bewitcher Cave,0,0,,0,
60.36,0.051,192,166,0.0,0.0,Bewitcher Cave,0,0,,0,
60.41,0.050,192,166,0.0,0.0,Bewitcher Cave,0,0,,0,
60.46,0.050,192,166,0.0,0.0,Bewitcher Cave,0,0,,0,
60.51,0.051,192,166,0.0,0.0,Bewitcher Cave,0,0,,0,
60.56,0.051,192,166,0.0,0.0,Bewitcher Cave,0,0,,0,
60.61,0.050,192,166,0.0,0.0,Bewitcher Cave,0,0,,0,
60.66,0.051,192,166,0.0,0.0,Bewitcher Cave,0,0,,0,
60.71,0.050,192,166,0.0,0.0,Bewitcher Cave,0,0,,0,
60.76,0.051,192,166,0.0,0.0,Bewitcher Cave,0,0,,0,
60.81,0.050,192,166,0.0,0.0,Bewitcher Cave,0,0,,0,
60.86,0.050,192,166,0.0,0.0,Bewitcher Cave,0,0,,0,
60.91,0.051,192,166,0.0,0.0,Bewitcher Cave,0,0,,0,
60.96,0.051,192,166,0.0,0.0,Bewitcher Cave,0,0,,0,
61.01,0.051,192,166,0.0,0.0,Bewitcher Cave,0,0,,0,
61.06,0.051,192,166,0.0,0.0,Bewitcher Cave,0,0,,0,
61.11,0.050,192,166,0.0,0.0,Bewitcher Cave,0,0,,0,
61.16,0.051,192,166,0.0,0.0,Bewitcher Cave,0,0,,0,
61.22,0.050,192,166,0.0,0.0,Bewitcher Cave,0,0,,0,
61.27,0.051,192,166,0.0,0.0,Bewitcher Cave,0,0,,0,
61.32,0.051,192,166,0.0,0.0,Bewitcher Cave,0,0,,0,
61.37,0.051,192,166,0.0,0.0,Bewitcher Cave,0,0,,0,
61.42,0.051,192,166,0.0,0.0,Bewitcher Cave,0,0,,0,
61.47,0.050,192,166,0.0,0.0,Bewitcher Cave,0,0,,0,
61.52,0.050,192,166,0.0,0.0,Bewitcher Cave,0,0,,0,
61.57,0.051,192,166,0.0,0.0,Bewitcher Cave,0,0,,0,
61.62,0.051,192,166,0.0,0.0,Bewitcher Cave,0,0,,0,
61.67,0.050,192,166,0.0,0.0,Bewitcher Cave,0,0,,0,
61.72,0.051,192,166,0.0,0.0,Bewitcher Cave,0,0,,0,
61.77,0.051,192,166,0.0,0.0,Bewitcher Cave,0,0,,0,
61.82,0.051,192,166,0.0,0.0,Bewitcher Cave,0,0,,0,
61.87,0.051,192,166,0.0,0.0,Bewitcher Cave,0,0,,0,
61.92,0.050,192,166,0.0,0.0,Bewitcher Cave,0,0,,0,
61.97,0.051,192,166,0.0,0.0,Bewitcher Cave,0,0,,0,
62.02,0.050,192,166,0.0,0.0,Bewitcher Cave,0,0,,0,
62.07,0.050,192,166,0.0,0.0,Bewitcher Cave,0,0,,0,
62.13,0.050,192,166,0.0,0.0,Bewitcher Cave,0,0,,0,
62.18,0.050,192,166,0.0,0.0,Bewitcher Cave,0,0,,0,
62.23,0.050,192,166,0.0,0.0,Bewitcher Cave,0,0,,0,
62.28,0.051,192,166,0.0,0.0,Bewitcher Cave,0,0,,0,
62.33,0.050,192,166,0.0,0.0,Bewitcher Cave,0,0,,0,
62.38,0.050,192,166,0.0,0.0,Bewitcher Cave,0,0,,0,
62.43,0.050,192,166,0.0,0.0,Bewitcher Cave,0,0,,0,
62.48,0.050,192,166,0.0,0.0,Bewitcher Cave,0,0,,0,
62.53,0.051,192,166,0.0,0.0,Bewitcher Cave,0,0,,0,
62.58,0.051,192,166,0.0,0.0,Bewitcher Cave,0,0,,0,
62.63,0.050,192,166,0.0,0.0,Bewitcher Cave,0,0,,0,
62.68,0.051,192,166,0.0,0.0,Bewitcher Cave,0,0,,0,
62.73,0.051,192,166,0.0,0.0,Bewitcher Cave,0,0,,0,
62.78,0.051,192,166,0.0,0.0,Bewitcher Cave,0,0,,0,
62.83,0.051,192,166,0.0,0.0,Bewitcher Cave,0,0,,0,
62.88,0.050,192,166,0.0,0.0,Bewitcher Cave,0,0,,0,
62.93,0.051,192,166,0.0,0.0,Bewitcher Cave,0,0,,0,
62.98,0.050,192,166,0.0,0.0,Bewitcher Cave,0,0,,0,
63.03,0.050,192,166,0.0,0.0,Bewitcher Cave,0,0,,0,
63.09,0.051,192,166,0.0,0.0,Bewitcher Cave,0,0,,0,
63.14,0.051,192,166,0.0,0.0,Bewitcher Cave,0,0,,0,
63.19,0.051,192,166,0.0,0.0,Bewitcher Cave,0,0,,0,
63.24,0.050,192,166,0.0,0.0,Bewitcher Cave,0,0,,0,
63.29,0.051,192,166,0.0,0.0,Bewitcher Cave,0,0,,0,
63.34,0.050,192,166,0.0,0.0,Bewitcher Cave,0,0,,0,
63.39,0.051,192,166,0.0,0.0,Bewitcher Cave,0,0,,0,
63.44,0.051,192,166,0.0,0.0,Bewitcher Cave,0,0,,0,
63.49,0.051,192,166,0.0,0.0,Bewitcher Cave,0,0,,0,
63.54,0.051,192,166,0.0,0.0,Bewitcher Cave,0,0,,0,
63.59,0.050,192,166,0.0,0.0,Bewitcher Cave,0,0,,0,
63.64,0.050,192,166,0.0,0.0,Bewitcher Cave,0,0,,0,
63.69,0.051,192,166,0.0,0.0,Bewitcher Cave,0,0,,0,
63.74,0.051,192,166,0.0,0.0,Bewitcher Cave,0,0,,0,
63.79,0.050,192,166,0.0,0.0,Bewitcher Cave,0,0,,0,
63.84,0.051,192,166,0.0,0.0,Bewitcher Cave,0,0,,0,
63.89,0.051,192,166,0.0,0.0,Bewitcher Cave,0,0,,0,
63.94,0.051,192,166,0.0,0.0,Bewitcher Cave,0,0,,0,
64.00,0.051,192,166,0.0,0.0,Bewitcher Cave,0,0,,0,
64.05,0.050,192,166,0.0,0.0,Bewitcher Cave,0,0,,0,
64.10,0.051,192,166,0.0,0.0,Bewitcher Cave,0,0,,0,
64.15,0.051,192,166,0.0,0.0,Bewitcher Cave,0,0,,0,
64.20,0.050,192,166,0.0,0.0,Bewitcher Cave,0,0,,0,
64.25,0.051,192,166,0.0,0.0,Bewitcher Cave,0,0,,0,
64.30,0.050,192,166,0.0,0.0,Bewitcher Cave,0,0,,0,
64.35,0.051,192,166,0.0,0.0,Bewitcher Cave,0,0,,0,
64.40,0.051,192,166,0.0,0.0,Bewitcher Cave,0,0,,0,
64.45,0.050,192,166,0.0,0.0,Bewitcher Cave,0,0,,0,
64.50,0.051,192,166,0.0,0.0,Bewitcher Cave,0,0,,0,
64.55,0.051,192,166,0.0,0.0,Bewitcher Cave,0,0,,0,
64.60,0.051,192,166,0.0,0.0,Bewitcher Cave,0,0,,0,
64.65,0.051,192,166,0.0,0.0,Bewitcher Cave,0,0,,0,
64.70,0.050,192,166,0.0,0.0,Bewitcher Cave,0,0,,0,
64.75,0.051,192,166,0.0,0.0,Bewitcher Cave,0,0,,0,
64.80,0.051,192,166,0.0,0.0,Bewitcher Cave,0,0,,0,
64.86,0.051,192,166,0.0,0.0,Bewitcher Cave,0,0,,0,
64.91,0.050,192,166,0.0,0.0,Bewitcher Cave,0,0,,0,
64.96,0.050,192,166,0.0,0.0,Bewitcher Cave,0,0,,0,
65.01,0.050,192,166,0.0,0.0,Bewitcher Cave,0,0,,0,
65.06,0.050,192,166,0.0,0.0,Bewitcher Cave,0,0,,0,
65.11,0.050,192,166,0.0,0.0,Bewitcher Cave,0,0,,0,
65.16,0.051,192,166,0.0,0.0,Bewitcher Cave,0,0,,0,
65.21,0.051,192,166,0.0,0.0,Bewitcher Cave,0,0,,0,
65.26,0.051,192,166,0.0,0.0,Bewitcher Cave,0,0,,0,
65.31,0.051,192,166,0.0,0.0,Bewitcher Cave,0,0,,0,
65.36,0.050,192,166,0.0,0.0,Bewitcher Cave,0,0,,0,
65.41,0.050,192,166,0.0,0.0,Bewitcher Cave,0,0,,0,
65.46,0.051,192,166,0.0,0.0,Bewitcher Cave,0,0,,0,
65.51,0.051,192,166,0.0,0.0,Bewitcher Cave,0,0,,0,
65.56,0.051,192,166,0.0,0.0,Bewitcher Cave,0,0,,0,
65.61,0.051,192,166,0.0,0.0,Bewitcher Cave,0,0,,0,
65.66,0.051,192,166,0.0,0.0,Bewitcher Cave,0,0,,0,
65.71,0.050,192,166,0.0,0.0,Bewitcher Cave,0,0,,0,
65.76,0.050,192,166,0.0,0.0,Bewitcher Cave,0,0,,0,
65.82,0.051,192,166,0.0,0.0,Bewitcher Cave,0,0,,0,
65.87,0.051,192,166,0.0,0.0,Bewitcher Cave,0,0,,0,
65.92,0.050,192,166,0.0,0.0,Bewitcher Cave,0,0,,0,
65.97,0.051,192,166,0.0,0.0,Bewitcher Cave,0,0,,0,
66.02,0.050,192,166,0.0,0.0,Bewitcher Cave,0,0,,0,
66.07,0.050,192,166,0.0,0.0,Bewitcher Cave,0,0,,0,
66.12,0.051,192,166,0.0,0.0,Bewitcher Cave,0,0,,0,
66.17,0.050,192,166,0.0,0.0,Bewitcher Cave,0,0,,0,
66.22,0.051,192,166,0.0,0.0,Bewitcher Cave,0,0,,0,
66.27,0.051,192,166,0.0,0.0,Bewitcher Cave,0,0,,0,
66.32,0.051,192,166,0.0,0.0,Bewitcher Cave,0,0,,0,
66.37,0.051,192,166,0.0,0.0,Bewitcher Cave,0,0,,0,
66.42,0.050,192,166,0.0,0.0,Bewitcher Cave,0,0,,0,
66.47,0.050,192,166,0.0,0.0,Bewitcher Cave,0,0,,0,
66.52,0.051,192,166,0.0,0.0,Bewitcher Cave,0,0,,0,
66.57,0.050,192,166,0.0,0.0,Bewitcher Cave,0,0,,0,
66.62,0.051,192,166,0.0,0.0,Bewitcher Cave,0,0,,0,
66.68,0.051,192,166,0.0,0.0,Bewitcher Cave,0,0,,0,
66.73,0.050,192,166,0.0,0.0,Bewitcher Cave,0,0,,0,
66.78,0.051,192,166,0.0,0.0,Bewitcher Cave,0,0,,0,
66.83,0.050,192,166,0.0,0.0,Bewitcher Cave,0,0,,0,
66.88,0.050,192,166,0.0,0.0,Bewitcher Cave,0,0,,0,
66.93,0.050,192,166,0.0,0.0,Bewitcher Cave,0,0,,0,
66.98,0.050,192,166,0.0,0.0,Bewitcher Cave,0,0,,0,
67.03,0.051,192,166,0.0,0.0,Bewitcher Cave,0,0,,0,
67.08,0.051,192,166,0.0,0.0,Bewitcher Cave,0,0,,0,
67.13,0.050,192,166,0.0,0.0,Bewitcher Cave,0,0,,0,
67.18,0.051,192,166,0.0,0.0,Bewitcher Cave,0,0,,0,
67.23,0.050,192,166,0.0,0.0,Bewitcher Cave,0,0,,0,
67.28,0.051,192,166,0.0,0.0,Bewitcher Cave,0,0,,0,
67.33,0.051,192,166,0.0,0.0,Bewitcher Cave,0,0,,0,
67.38,0.050,192,166,0.0,0.0,Bewitcher Cave,0,0,,0,
67.43,0.051,192,166,0.0,0.0,Bewitcher Cave,0,0,,0,
67.48,0.051,192,166,0.0,0.0,Bewitcher Cave,0,0,,0,
67.53,0.051,192,166,0.0,0.0,Bewitcher Cave,0,0,,0,
67.58,0.050,192,166,0.0,0.0,Bewitcher Cave,0,0,,0,
67.64,0.051,192,166,0.0,0.0,Bewitcher Cave,0,0,,0,
67.69,0.050,192,166,0.0,0.0,Bewitcher Cave,0,0,,0,
67.74,0.051,192,166,0.0,0.0,Bewitcher Cave,0,0,,0,
67.79,0.051,192,166,0.0,0.0,Bewitcher Cave,0,0,,0,
67.84,0.051,192,166,0.0,0.0,Bewitcher Cave,0,0,,0,
67.89,0.050,192,166,0.0,0.0,Bewitcher Cave,0,0,,0,
67.94,0.050,192,166,0.0,0.0,Bewitcher Cave,0,0,,0,
67.99,0.050,192,166,0.0,0.0,Bewitcher Cave,0,0,,0,
68.04,0.051,192,166,0.0,0.0,Bewitcher Cave,0,0,,0,
68.09,0.050,192,166,0.0,0.0,Bewitcher Cave,0,0,,0,
68.14,0.051,192,166,0.0,0.0,Bewitcher Cave,0,0,,0,
68.19,0.050,192,166,0.0,0.0,Bewitcher Cave,0,0,,0,
68.24,0.051,192,166,0.0,0.0,Bewitcher Cave,0,0,,0,
68.29,0.051,192,166,0.0,0.0,Bewitcher Cave,0,0,,0,
68.34,0.051,192,166,0.0,0.0,Bewitcher Cave,0,0,,0,
68.39,0.050,192,166,0.0,0.0,Bewitcher Cave,0,0,,0,
68.44,0.051,192,166,0.0,0.0,Bewitcher Cave,0,0,,0,
68.49,0.050,192,166,0.0,0.0,Bewitcher Cave,0,0,,0,
68.55,0.051,192,166,0.0,0.0,Bewitcher Cave,0,0,,0,
68.60,0.050,192,166,0.0,0.0,Bewitcher Cave,0,0,,0,
68.65,0.050,192,166,0.0,0.0,Bewitcher Cave,0,0,,0,
68.70,0.051,192,166,0.0,0.0,Bewitcher Cave,0,0,,0,
68.75,0.051,192,166,0.0,0.0,Bewitcher Cave,0,0,,0,
68.80,0.051,192,166,0.0,0.0,Bewitcher Cave,0,0,,0,
68.85,0.051,192,166,0.0,0.0,Bewitcher Cave,0,0,,0,
68.90,0.051,192,166,0.0,0.0,Bewitcher Cave,0,0,,0,
68.95,0.050,192,166,0.0,0.0,Bewitcher Cave,0,0,,0,
69.00,0.051,192,166,0.0,0.0,Bewitcher Cave,0,0,,0,
69.05,0.051,192,166,0.0,0.0,Bewitcher Cave,0,0,,0,
69.10,0.051,192,166,0.0,0.0,Bewitcher Cave,0,0,,0,
69.15,0.051,192,166,0.0,0.0,Bewitcher Cave,0,0,,0,
69.20,0.051,192,166,0.0,0.0,Bewitcher Cave,0,0,,0,
69.25,0.051,192,166,0.0,0.0,Bewitcher Cave,0,0,,0,
69.30,0.051,192,166,0.0,0.0,Bewitcher Cave,0,0,,0,
69.35,0.051,192,166,0.0,0.0,Bewitcher Cave,0,0,,0,
69.41,0.051,192,166,0.0,0.0,Bewitcher Cave,0,0,,0,
69.46,0.050,192,166,0.0,0.0,Bewitcher Cave,0,0,,0,
69.51,0.050,192,166,0.0,0.0,Bewitcher Cave,0,0,,0,
69.56,0.051,192,166,0.0,0.0,Bewitcher Cave,0,0,,0,
69.61,0.050,192,166,0.0,0.0,Bewitcher Cave,0,0,,0,
69.66,0.051,192,166,0.0,0.0,Bewitcher Cave,0,0,,0,
69.71,0.050,192,166,0.0,0.0,Bewitcher Cave,0,0,,0,
69.76,0.050,192,166,0.0,0.0,Bewitcher Cave,0,0,,0,
69.81,0.050,192,166,0.0,0.0,Bewitcher Cave,0,0,,0,
69.86,0.051,192,166,0.0,0.0,Bewitcher Cave,0,0,,0,
69.91,0.050,192,166,0.0,0.0,Bewitcher Cave,0,0,,0,
69.96,0.050,192,166,0.0,0.0,Bewitcher Cave,0,0,,0,
70.01,0.051,192,166,0.0,0.0,Bewitcher Cave,0,0,,0,
70.06,0.050,192,166,0.0,0.0,Bewitcher Cave,0,0,,0,
70.11,0.050,192,166,0.0,0.0,Bewitcher Cave,0,0,,0,
70.16,0.051,192,166,0.0,0.0,Bewitcher Cave,0,0,,0,
70.21,0.051,192,166,0.0,0.0,Bewitcher Cave,0,0,,0,
70.26,0.051,192,166,0.0,0.0,Bewitcher Cave,0,0,,0,
70.31,0.050,192,166,0.0,0.0,Bewitcher Cave,0,0,,0,
70.36,0.050,192,166,0.0,0.0,Bewitcher Cave,0,0,,0,
70.41,0.050,192,166,0.0,0.0,Bewitcher Cave,0,0,,0,
70.46,0.050,192,166,0.0,0.0,Bewitcher Cave,0,0,,0,
70.51,0.050,192,166,0.0,0.0,Bewitcher Cave,0,0,,0,
70.56,0.050,192,166,0.0,0.0,Bewitcher Cave,0,0,,0,
70.62,0.050,192,166,0.0,0.0,Bewitcher Cave,0,0,,0,
70.67,0.050,192,166,0.0,0.0,Bewitcher Cave,0,0,,0,
70.72,0.051,192,166,0.0,0.0,Bewitcher Cave,0,0,,0,
70.77,0.050,192,166,0.0,0.0,Bewitcher Cave,0,0,,0,
70.82,0.050,192,166,0.0,0.0,Bewitcher Cave,0,0,,0,
70.87,0.050,192,166,0.0,0.0,Bewitcher Cave,0,0,,0,
70.92,0.050,192,166,0.0,0.0,Bewitcher Cave,0,0,,0,
70.97,0.051,192,166,0.0,0.0,Bewitcher Cave,0,0,,0,
71.02,0.050,192,166,0.0,0.0,Bewitcher Cave,0,0,,0,
71.07,0.051,192,166,0.0,0.0,Bewitcher Cave,0,0,,0,
71.12,0.050,192,166,0.0,0.0,Bewitcher Cave,0,0,,0,
71.17,0.050,192,166,0.0,0.0,Bewitcher Cave,0,0,,0,
71.22,0.050,192,166,0.0,0.0,Bewitcher Cave,0,0,,0,
71.27,0.051,192,166,0.0,0.0,Bewitcher Cave,0,0,,0,
71.32,0.051,192,166,0.0,0.0,Bewitcher Cave,0,0,,0,
71.37,0.050,192,166,0.0,0.0,Bewitcher Cave,0,0,,0,
71.42,0.050,192,166,0.0,0.0,Bewitcher Cave,0,0,,0,
71.47,0.050,192,166,0.0,0.0,Bewitcher Cave,0,0,,0,
71.52,0.050,192,166,0.0,0.0,Bewitcher Cave,0,0,,0,
71.57,0.050,192,166,0.0,0.0,Bewitcher Cave,0,0,,0,
71.62,0.051,192,166,0.0,0.0,Bewitcher Cave,0,0,,0,
71.67,0.051,192,166,0.0,0.0,Bewitcher Cave,0,0,,0,
71.73,0.051,192,166,0.0,0.0,Bewitcher Cave,0,0,,0,
71.78,0.050,192,166,0.0,0.0,Bewitcher Cave,0,0,,0,
71.83,0.050,192,166,0.0,0.0,Bewitcher Cave,0,0,,0,
71.88,0.050,192,166,0.0,0.0,Bewitcher Cave,0,0,,0,
71.93,0.051,192,166,0.0,0.0,Bewitcher Cave,0,0,,0,
71.98,0.051,192,166,0.0,0.0,Bewitcher Cave,0,0,,0,
72.03,0.051,192,166,0.0,0.0,Bewitcher Cave,0,0,,0,
72.08,0.051,192,166,0.0,0.0,Bewitcher Cave,0,0,,0,
72.13,0.050,192,166,0.0,0.0,Bewitcher Cave,0,0,,0,
72.18,0.051,192,166,0.0,0.0,Bewitcher Cave,0,0,,0,
72.23,0.050,192,166,0.0,0.0,Bewitcher Cave,0,0,,0,
72.28,0.051,192,166,0.0,0.0,Bewitcher Cave,0,0,,0,
72.33,0.051,192,166,0.0,0.0,Bewitcher Cave,0,0,,0,
72.38,0.051,192,166,0.0,0.0,Bewitcher Cave,0,0,,0,
72.43,0.051,192,166,0.0,0.0,Bewitcher Cave,0,0,,0,
72.48,0.050,192,166,0.0,0.0,Bewitcher Cave,0,0,,0,
72.53,0.051,192,166,0.0,0.0,Bewitcher Cave,0,0,,0,
72.58,0.050,192,166,0.0,0.0,Bewitcher Cave,0,0,,0,
72.63,0.051,192,166,0.0,0.0,Bewitcher Cave,0,0,,0,
72.69,0.050,192,166,0.0,0.0,Bewitcher Cave,0,0,,0,
72.74,0.050,192,166,0.0,0.0,Bewitcher Cave,0,0,,0,
72.79,0.051,192,166,0.0,0.0,Bewitcher Cave,0,0,,0,
72.84,0.051,192,166,0.0,0.0,Bewitcher Cave,0,0,,0,
72.89,0.051,192,166,0.0,0.0,Bewitcher Cave,0,0,,0,
72.94,0.050,192,166,0.0,0.0,Bewitcher Cave,0,0,,0,
72.99,0.050,192,166,0.0,0.0,Bewitcher Cave,0,0,,0,
73.04,0.051,192,166,0.0,0.0,Bewitcher Cave,0,0,,0,
73.09,0.050,192,166,0.0,0.0,Bewitcher Cave,0,0,,0,
73.14,0.050,192,166,0.0,0.0,Bewitcher Cave,0,0,,0,
73.19,0.051,192,166,0.0,0.0,Bewitcher Cave,0,0,,0,
73.24,0.050,192,166,0.0,0.0,Bewitcher Cave,0,0,,0,
73.29,0.051,192,166,0.0,0.0,Bewitcher Cave,0,0,,0,
73.34,0.051,192,166,0.0,0.0,Bewitcher Cave,0,0,,0,
73.39,0.051,192,166,0.0,0.0,Bewitcher Cave,0,0,,0,
73.44,0.051,192,166,0.0,0.0,Bewitcher Cave,0,0,,0,
73.49,0.051,192,166,0.0,0.0,Bewitcher Cave,0,0,,0,
73.54,0.050,192,166,0.0,0.0,Bewitcher Cave,0,0,,0,
73.60,0.051,192,166,0.0,0.0,Bewitcher Cave,0,0,,0,
73.65,0.051,192,166,0.0,0.0,Bewitcher Cave,0,0,,0,
73.70,0.051,192,166,0.0,0.0,Bewitcher Cave,0,0,,0,
73.75,0.050,192,166,0.0,0.0,Bewitcher Cave,0,0,,0,
73.80,0.050,192,166,0.0,0.0,Bewitcher Cave,0,0,,0,
73.85,0.051,192,166,0.0,0.0,Bewitcher Cave,0,0,,0,
73.90,0.051,192,166,0.0,0.0,Bewitcher Cave,0,0,,0,
73.95,0.050,192,166,0.0,0.0,Bewitcher Cave,0,0,,0,
74.00,0.051,192,166,0.0,0.0,Bewitcher Cave,0,0,,0,
74.05,0.050,192,166,0.0,0.0,Bewitcher Cave,0,0,,0,
74.10,0.050,192,166,0.0,0.0,Bewitcher Cave,0,0,,0,
74.15,0.051,192,166,0.0,0.0,Bewitcher Cave,0,0,,0,
74.20,0.051,192,166,0.0,0.0,Bewitcher Cave,0,0,,0,
74.25,0.050,192,166,0.0,0.0,Bewitcher Cave,0,0,,0,
74.30,0.051,192,166,0.0,0.0,Bewitcher Cave,0,0,,0,
74.35,0.050,192,166,0.0,0.0,Bewitcher Cave,0,0,,0,
74.40,0.051,192,166,0.0,0.0,Bewitcher Cave,0,0,,0,
74.45,0.050,192,166,0.0,0.0,Bewitcher Cave,0,0,,0,
74.50,0.050,192,166,0.0,0.0,Bewitcher Cave,0,0,,0,
74.55,0.051,192,166,0.0,0.0,Bewitcher Cave,0,0,,0,
74.61,0.050,191,166,1.0,19.8,Bewitcher Cave,0,0,,0,
74.66,0.051,191,166,0.0,0.0,Bewitcher Cave,0,0,,0,
74.71,0.051,191,165,1.0,19.7,Bewitcher Cave,0,0,,0,
74.76,0.051,190,165,1.0,19.8,Bewitcher Cave,0,0,,0,
74.81,0.051,190,165,0.0,0.0,Bewitcher Cave,0,0,,0,
74.86,0.050,189,165,1.0,19.9,Bewitcher Cave,0,0,,0,
74.91,0.051,189,165,0.0,0.0,Bewitcher Cave,0,0,,0,
74.96,0.051,188,164,1.4,28.0,Bewitcher Cave,0,0,,0,
75.01,0.050,188,164,0.0,0.0,Bewitcher Cave,0,0,,0,
75.06,0.051,187,164,1.0,19.8,Bewitcher Cave,0,0,,0,
75.11,0.050,187,164,0.0,0.0,Bewitcher Cave,0,0,,0,
75.16,0.051,186,164,1.0,19.8,Bewitcher Cave,0,0,,0,
75.21,0.050,186,163,1.0,19.9,Bewitcher Cave,0,0,,0,
75.26,0.051,185,163,1.0,19.8,Bewitcher Cave,0,0,,0,
75.31,0.050,185,163,0.0,0.0,Bewitcher Cave,0,0,,0,
75.36,0.050,184,163,1.0,19.9,Bewitcher Cave,0,0,,0,
75.41,0.050,184,162,1.0,19.8,Bewitcher Cave,0,0,,0,
75.46,0.051,184,162,0.0,0.0,Bewitcher Cave,0,0,,0,
75.51,0.050,183,162,1.0,19.8,Bewitcher Cave,0,0,,0,
75.56,0.051,182,162,1.0,19.7,Bewitcher Cave,0,0,,0,
75.62,0.051,182,162,0.0,0.0,Bewitcher Cave,0,0,,0,
75.67,0.051,182,161,1.0,19.7,Bewitcher Cave,0,0,,0,
75.72,0.051,181,161,1.0,19.8,Bewitcher Cave,0,0,,0,
75.77,0.051,181,161,0.0,0.0,Bewitcher Cave,0,0,,0,
75.82,0.050,180,161,1.0,19.9,Bewitcher Cave,0,0,,0,
75.87,0.050,180,161,0.0,0.0,Bewitcher Cave,0,0,,0,
75.92,0.050,179,161,1.0,19.8,Bewitcher Cave,0,0,,0,
75.97,0.051,179,160,1.0,19.7,Bewitcher Cave,0,0,,0,
76.02,0.051,178,160,1.0,19.7,Bewitcher Cave,0,0,,0,
76.07,0.051,178,160,0.0,0.0,Bewitcher Cave,0,0,,0,
76.12,0.051,177,160,1.0,19.7,Bewitcher Cave,0,0,,0,
76.17,0.050,177,159,1.0,19.9,Bewitcher Cave,0,0,,0,
76.22,0.050,177,159,0.0,0.0,Bewitcher Cave,0,0,,0,
76.27,0.050,176,159,1.0,19.9,Bewitcher Cave,0,0,,0,
76.32,0.051,176,159,0.0,0.0,Bewitcher Cave,0,0,,0,
76.37,0.050,175,159,1.0,19.8,Bewitcher Cave,0,0,,0,
76.42,0.050,175,158,1.0,19.8,Bewitcher Cave,0,0,,0,
76.47,0.050,174,158,1.0,19.8,Bewitcher Cave,0,0,,0,
76.52,0.051,174,158,0.0,0.0,Bewitcher Cave,0,0,,0,
76.58,0.052,173,158,1.0,19.4,Bewitcher Cave,0,0,,0,
76.63,0.050,173,158,0.0,0.0,Bewitcher Cave,0,0,,0,
76.68,0.051,172,157,1.4,27.9,Bewitcher Cave,0,0,,0,
76.73,0.050,172,157,0.0,0.0,Bewitcher Cave,0,0,,0,
76.78,0.051,171,157,1.0,19.7,Bewitcher Cave,0,0,,0,
76.83,0.050,171,157,0.0,0.0,Bewitcher Cave,0,0,,0,
76.88,0.051,170,156,1.4,27.7,Bewitcher Cave,0,0,,0,
76.93,0.050,170,156,0.0,0.0,Bewitcher Cave,0,0,,0,
76.98,0.050,169,156,1.0,19.9,Bewitcher Cave,0,0,,0,
77.03,0.051,169,156,0.0,0.0,Bewitcher Cave,0,0,,0,
77.08,0.051,168,156,1.0,19.5,Bewitcher Cave,0,0,,0,
77.13,0.050,168,155,1.0,19.8,Bewitcher Cave,0,0,,0,
77.18,0.050,167,155,1.0,19.8,Bewitcher Cave,0,0,,0,
77.23,0.050,167,155,0.0,0.0,Bewitcher Cave,0,0,,0,
77.28,0.051,166,155,1.0,19.8,Bewitcher Cave,0,0,,0,
77.33,0.050,165,154,1.4,28.1,Bewitcher Cave,0,0,,0,
77.38,0.051,165,154,0.0,0.0,Bewitcher Cave,0,0,,0,
77.44,0.051,164,154,1.0,19.8,Bewitcher Cave,0,0,,0,
77.49,0.051,164,154,0.0,0.0,Bewitcher Cave,0,0,,0,
77.54,0.050,163,153,1.4,28.2,Bewitcher Cave,0,0,,0,
77.59,0.050,162,153,1.0,19.9,Bewitcher Cave,0,0,,0,
77.64,0.050,162,153,0.0,0.0,Bewitcher Cave,0,0,,0,
77.69,0.050,161,153,1.0,19.8,Bewitcher Cave,0,0,,0,
77.74,0.050,161,152,1.0,19.9,Bewitcher Cave,0,0,,0,
77.79,0.051,160,152,1.0,19.7,Bewitcher Cave,0,0,,0,
77.84,0.050,159,152,1.0,19.8,Bewitcher Cave,0,0,,0,
77.89,0.050,159,152,0.0,0.0,Bewitcher Cave,0,0,,0,
77.94,0.051,158,151,1.4,27.9,Bewitcher Cave,0,0,,0,
77.99,0.051,158,151,0.0,0.0,Bewitcher Cave,0,0,,0,
78.04,0.051,157,151,1.0,19.7,Bewitcher Cave,0,0,,0,
78.09,0.050,157,151,0.0,0.0,Bewitcher Cave,0,0,,0,
78.14,0.051,156,150,1.4,28.0,Bewitcher Cave,0,0,,0,
78.19,0.050,155,150,1.0,19.9,Bewitcher Cave,0,0,,0,
78.24,0.050,155,150,0.0,0.0,Bewitcher Cave,0,0,,0,
78.29,0.050,154,149,1.4,28.0,Bewitcher Cave,0,0,,0,
78.34,0.050,154,149,0.0,0.0,Bewitcher Cave,0,0,,0,
78.39,0.050,153,149,1.0,19.8,Bewitcher Cave,0,0,,0,
78.44,0.051,152,149,1.0,19.8,Bewitcher Cave,0,0,,0,
78.50,0.050,152,149,0.0,0.0,Bewitcher Cave,0,0,,0,
78.55,0.050,151,148,1.4,28.1,Bewitcher Cave,0,0,,0,
78.60,0.050,151,148,0.0,0.0,Bewitcher Cave,0,0,,0,
78.65,0.050,150,148,1.0,19.8,Bewitcher Cave,0,0,,0,
78.70,0.051,150,147,1.0,19.7,Bewitcher Cave,0,0,,0,
78.75,0.050,149,147,1.0,19.9,Bewitcher Cave,0,0,,0,
78.80,0.051,148,147,1.0,19.8,Bewitcher Cave,0,0,,0,
78.85,0.051,148,147,0.0,0.0,Bewitcher Cave,0,0,,0,
78.90,0.051,147,146,1.4,28.0,Bewitcher Cave,0,0,,0,
78.95,0.051,146,146,1.0,19.8,Bewitcher Cave,0,0,,0,
79.00,0.051,146,146,0.0,0.0,Bewitcher Cave,0,0,,0,
79.05,0.050,145,146,1.0,19.8,Bewitcher Cave,0,0,,0,
79.10,0.051,145,145,1.0,19.8,Bewitcher Cave,0,0,,0,
79.15,0.051,144,145,1.0,19.7,Bewitcher Cave,0,0,,0,
79.20,0.051,144,145,0.0,0.0,Bewitcher Cave,0,0,,0,
79.25,0.050,143,145,1.0,19.9,Bewitcher Cave,0,0,,0,
79.30,0.051,143,144,1.0,19.7,Bewitcher Cave,0,0,,0,
79.35,0.051,142,144,1.0,19.7,Bewitcher Cave,0,0,,0,
79.41,0.050,141,144,1.0,19.9,Bewitcher Cave,0,0,,0,
79.46,0.051,141,144,0.0,0.0,Bewitcher Cave,0,0,,0,
79.51,0.050,140,143,1.4,28.2,Bewitcher Cave,0,0,,0,
79.56,0.050,140,143,0.0,0.0,Bewitcher Cave,0,0,,0,
79.61,0.051,139,143,1.0,19.8,Bewitcher Cave,0,0,,0,
79.66,0.051,138,143,1.0,19.8,Bewitcher Cave,0,0,,0,
79.71,0.051,138,142,1.0,19.8,Bewitcher Cave,0,0,,0,
79.76,0.050,137,142,1.0,19.8,Bewitcher Cave,0,0,,0,
79.81,0.050,137,142,0.0,0.0,Bewitcher Cave,0,0,,0,
79.86,0.051,137,142,0.0,0.0,Bewitcher Cave,0,0,,0,
79.91,0.051,136,142,1.0,19.8,Bewitcher Cave,0,0,,0,
79.96,0.050,136,141,1.0,19.9,Bewitcher Cave,0,0,,0,
80.01,0.051,135,141,1.0,19.5,Bewitcher Cave,0,0,,0,
80.06,0.051,134,141,1.0,19.7,Bewitcher Cave,0,0,,0,
80.11,0.051,134,141,0.0,0.0,Bewitcher Cave,0,0,,0,
80.16,0.051,133,141,1.0,19.6,Bewitcher Cave,0,0,,0,
80.21,0.051,132,140,1.4,27.9,Bewitcher Cave,0,0,,0,
80.26,0.050,132,140,0.0,0.0,Bewitcher Cave,0,0,,0,
80.32,0.051,131,140,1.0,19.8,Bewitcher Cave,0,0,,0,
80.37,0.051,131,140,0.0,0.0,Bewitcher Cave,0,0,,0,
80.42,0.050,130,140,1.0,19.8,Bewitcher Cave,0,0,,0,
80.47,0.050,129,139,1.4,28.0,Bewitcher Cave,0,0,,0,
80.52,0.051,129,139,0.0,0.0,Bewitcher Cave,0,0,,0,
80.57,0.050,128,139,1.0,19.9,Bewitcher Cave,0,0,,0,
80.62,0.050,128,139,0.0,0.0,Bewitcher Cave,0,0,,0,
80.67,0.050,127,138,1.4,28.0,Bewitcher Cave,0,0,,0,
80.72,0.050,127,138,0.0,0.0,Bewitcher Cave,0,0,,0,
80.77,0.051,126,138,1.0,19.7,Bewitcher Cave,0,0,,0,
80.82,0.050,125,138,1.0,19.9,Bewitcher Cave,0,0,,0,
80.87,0.050,125,138,0.0,0.0,Bewitcher Cave,0,0,,0,
80.92,0.051,124,137,1.4,27.9,Bewitcher Cave,0,0,,0,
80.97,0.051,123,137,1.0,19.8,Bewitcher Cave,0,0,,0,
81.02,0.051,123,137,0.0,0.0,Bewitcher Cave,0,0,,0,
81.07,0.051,123,137,0.0,0.0,Bewitcher Cave,0,0,,0,
81.12,0.051,123,137,0.0,0.0,Bewitcher Cave,0,0,,0,
81.17,0.051,123,137,0.0,0.0,Bewitcher Cave,0,0,,0,
81.22,0.051,123,136,1.0,19.8,Bewitcher Cave,0,0,,0,
81.28,0.051,122,135,1.4,28.0,Bewitcher Cave,0,0,,0,
81.33,0.051,122,135,0.0,0.0,Bewitcher Cave,0,0,,0,
81.38,0.051,122,134,1.0,19.7,"�-�P���{O?����z�;���yxO�<�<�i�@_""	�ŉ1A[~��l�:",0,0,,0,
81.43,0.050,121,134,1.0,19.9,"�-�P���{O?����z�;���yxO�<�<�i�@_""	�ŉ1A[~��l�:",0,0,,0,
81.48,0.051,121,133,1.0,19.8,"�-�P���{O?����z�;���yxO�<�<�i�@_""	�ŉ1A[~��l�:",0,0,,0,
81.53,0.051,121,133,0.0,0.0,"�-�P���{O?����z�;���yxO�<�<�i�@_""	�ŉ1A[~��l�:",0,0,,0,
81.58,0.050,121,132,1.0,19.8,"�-�P���{O?����z�;���yxO�<�<�i�@_""	�ŉ1A[~��l�:",0,0,,0,
81.63,0.050,120,131,1.4,28.2,"�-�P���{O?����z�;���yxO�<�<�i�@_""	�ŉ1A[~��l�:",0,0,,0,
81.68,0.051,120,131,0.0,0.0,"�-�P���{O?����z�;���yxO�<�<�i�@_""	�ŉ1A[~��l�:",0,0,,0,
81.73,0.050,120,130,1.0,19.8,"�-�P���{O?����z�;���yxO�<�<�i�@_""	�ŉ1A[~��l�:",0,0,,0,
81.78,0.051,120,129,1.0,19.8,"�-�P���{O?����z�;���yxO�<�<�i�@_""	�ŉ1A[~��l�:",0,0,,0,
81.83,0.051,119,129,1.0,19.7,"�-�P���{O?����z�;���yxO�<�<�i�@_""	�ŉ1A[~��l�:",0,0,,0,
81.88,0.050,119,128,1.0,19.9,"�-�P���{O?����z�;���yxO�<�<�i�@_""	�ŉ1A[~��l�:",0,0,,0,
81.93,0.051,119,128,0.0,0.0,"�-�P���{O?����z�;���yxO�<�<�i�@_""	�ŉ1A[~��l�:",0,0,,0,
81.98,0.050,119,127,1.0,19.8,"�-�P���{O?����z�;���yxO�<�<�i�@_""	�ŉ1A[~��l�:",0,0,,0,
82.03,0.051,118,127,1.0,19.8,"�-�P���{O?����z�;���yxO�<�<�i�@_""	�ŉ1A[~��l�:",0,0,,0,
82.08,0.051,118,126,1.0,19.7,"�-�P���{O?����z�;���yxO�<�<�i�@_""	�ŉ1A[~��l�:",0,0,,0,
82.13,0.050,118,125,1.0,19.8,"�-�P���{O?����z�;���yxO�<�<�i�@_""	�ŉ1A[~��l�:",0,0,,0,
82.18,0.050,118,125,0.0,0.0,"�-�P���{O?����z�;���yxO�<�<�i�@_""	�ŉ1A[~��l�:",0,0,,0,
82.24,0.050,117,124,1.4,28.0,"�-�P���{O?����z�;���yxO�<�<�i�@_""	�ŉ1A[~��l�:",0,0,,0,
82.29,0.051,117,123,1.0,19.7,"�-�P���{O?����z�;���yxO�<�<�i�@_""	�ŉ1A[~��l�:",0,0,,0,
82.34,0.050,117,123,0.0,0.0,"�-�P���{O?����z�;���yxO�<�<�i�@_""	�ŉ1A[~��l�:",0,0,,0,
82.39,0.051,117,122,1.0,19.8,"�-�P���{O?����z�;���yxO�<�<�i�@_""	�ŉ1A[~��l�:",0,0,,0,
82.44,0.050,116,122,1.0,19.9,"�-�P���{O?����z�;���yxO�<�<�i�@_""	�ŉ1A[~��l�:",0,0,,0,
82.49,0.050,116,121,1.0,19.9,"�-�P���{O?����z�;���yxO�<�<�i�@_""	�ŉ1A[~��l�:",0,0,,0,
82.54,0.051,116,121,0.0,0.0,"�-�P���{O?����z�;���yxO�<�<�i�@_""	�ŉ1A[~��l�:",0,0,,0,
82.59,0.050,115,120,1.4,28.2,"�-�P���{O?����z�;���yxO�<�<�i�@_""	�ŉ1A[~��l�:",0,0,,0,
82.64,0.050,115,119,1.0,19.9,"�-�P���{O?����z�;���yxO�<�<�i�@_""	�ŉ1A[~��l�:",0,0,,0,
82.69,0.050,115,119,0.0,0.0,"�-�P���{O?����z�;���yxO�<�<�i�@_""	�ŉ1A[~��l�:",0,0,,0,
82.74,0.051,115,118,1.0,19.8,"�-�P���{O?����z�;���yxO�<�<�i�@_""	�ŉ1A[~��l�:",0,0,,0,
82.79,0.051,115,118,0.0,0.0,"�-�P���{O?����z�;���yxO�<�<�i�@_""	�ŉ1A[~��l�:",0,0,,0,
82.84,0.051,114,117,1.4,27.8,"�-�P���{O?����z�;���yxO�<�<�i�@_""	�ŉ1A[~��l�:",0,0,,0,
82.89,0.051,114,116,1.0,19.8,"�-�P���{O?����z�;���yxO�<�<�i�@_""	�ŉ1A[~��l�:",0,0,,0,
82.94,0.051,114,116,0.0,0.0,"�-�P���{O?����z�;���yxO�<�<�i�@_""	�ŉ1A[~��l�:",0,0,,0,
82.99,0.050,113,115,1.4,28.1,"�-�P���{O?����z�;���yxO�<�<�i�@_""	�ŉ1A[~��l�:",0,0,,0,
83.04,0.050,113,115,0.0,0.0,"�-�P���{O?����z�;���yxO�<�<�i�@_""	�ŉ1A[~��l�:",0,0,,0,
83.09,0.050,113,114,1.0,19.9,"�-�P���{O?����z�;���yxO�<�<�i�@_""	�ŉ1A[~��l�:",0,0,,0,
83.14,0.051,113,114,0.0,0.0,"�-�P���{O?����z�;���yxO�<�<�i�@_""	�ŉ1A[~��l�:",0,0,,0,
83.19,0.051,112,113,1.4,27.8,"�-�P���{O?����z�;���yxO�<�<�i�@_""	�ŉ1A[~��l�:",0,0,,0,
83.24,0.050,112,112,1.0,19.9,"�-�P���{O?����z�;���yxO�<�<�i�@_""	�ŉ1A[~��l�:",0,0,,0,
83.29,0.050,112,112,0.0,0.0,"�-�P���{O?����z�;���yxO�<�<�i�@_""	�ŉ1A[~��l�:",0,0,,0,
83.35,0.051,112,111,1.0,19.7,"�-�P���{O?����z�;���yxO�<�<�i�@_""	�ŉ1A[~��l�:",0,0,,0,
83.40,0.051,111,111,1.0,19.7,"�-�P���{O?����z�;���yxO�<�<�i�@_""	�ŉ1A[~��l�:",0,0,,0,
83.45,0.050,111,110,1.0,19.9,"�-�P���{O?����z�;���yxO�<�<�i�@_""	�ŉ1A[~��l�:",0,0,,0,
83.50,0.051,111,110,0.0,0.0,"�-�P���{O?����z�;���yxO�<�<�i�@_""	�ŉ1A[~��l�:",0,0,,0,
83.55,0.050,111,109,1.0,19.9,"�-�P���{O?����z�;���yxO�<�<�i�@_""	�ŉ1A[~��l�:",0,0,,0,
83.60,0.051,110,108,1.4,28.0,"�-�P���{O?����z�;���yxO�<�<�i�@_""	�ŉ1A[~��l�:",0,0,,0,
83.65,0.051,110,108,0.0,0.0,"�-�P���{O?����z�;���yxO�<�<�i�@_""	�ŉ1A[~��l�:",0,0,,0,
83.70,0.051,110,107,1.0,19.8,"�-�P���{O?����z�;���yxO�<�<�i�@_""	�ŉ1A[~��l�:",0,0,,0,
83.75,0.051,109,106,1.4,27.9,"�-�P���{O?����z�;���yxO�<�<�i�@_""	�ŉ1A[~��l�:",0,0,,0,
83.80,0.050,109,106,0.0,0.0,"�-�P���{O?����z�;���yxO�<�<�i�@_""	�ŉ1A[~��l�:",0,0,,0,
83.85,0.051,109,105,1.0,19.8,"�-�P���{O?����z�;���yxO�<�<�i�@_""	�ŉ1A[~��l�:",0,0,,0,
83.90,0.051,109,105,0.0,0.0,"�-�P���{O?����z�;���yxO�<�<�i�@_""	�ŉ1A[~��l�:",0,0,,0,
83.95,0.051,109,104,1.0,19.7,"�-�P���{O?����z�;���yxO�<�<�i�@_""	�ŉ1A[~��l�:",0,0,,0,
84.00,0.050,108,104,1.0,19.9,"�-�P���{O?����z�;���yxO�<�<�i�@_""	�ŉ1A[~��l�:",0,0,,0,
84.05,0.051,108,103,1.0,19.8,"�-�P���{O?����z�;���yxO�<�<�i�@_""	�ŉ1A[~��l�:",0,0,,0,
84.10,0.051,108,103,0.0,0.0,"�-�P���{O?����z�;���yxO�<�<�i�@_""	�ŉ1A[~��l�:",0,0,,0,
84.15,0.051,107,102,1.4,27.9,"�-�P���{O?����z�;���yxO�<�<�i�@_""	�ŉ1A[~��l�:",0,0,,0,
84.20,0.050,107,101,1.0,19.9,"�-�P���{O?����z�;���yxO�<�<�i�@_""	�ŉ1A[~��l�:",0,0,,0,
84.26,0.051,107,101,0.0,0.0,"�-�P���{O?����z�;���yxO�<�<�i�@_""	�ŉ1A[~��l�:",0,0,,0,
84.31,0.051,107,100,1.0,19.8,"�-�P���{O?����z�;���yxO�<�<�i�@_""	�ŉ1A[~��l�:",0,0,,0,
84.36,0.050,106,99,1.4,28.0,"�-�P���{O?����z�;���yxO�<�<�i�@_""	�ŉ1A[~��l�:",0,0,,0,
84.41,0.050,106,99,0.0,0.0,"�-�P���{O?����z�;���yxO�<�<�i�@_""	�ŉ1A[~��l�:",0,0,,0,
84.46,0.051,106,98,1.0,19.7,"�-�P���{O?����z�;���yxO�<�<�i�@_""	�ŉ1A[~��l�:",0,0,,0,
84.51,0.050,106,98,0.0,0.0,"�-�P���{O?����z�;���yxO�<�<�i�@_""	�ŉ1A[~��l�:",0,0,,0,
84.56,0.051,105,97,1.4,28.0,"�-�P���{O?����z�;���yxO�<�<�i�@_""	�ŉ1A[~��l�:",0,0,,0,
84.61,0.051,105,97,0.0,0.0,"�-�P���{O?����z�;���yxO�<�<�i�@_""	�ŉ1A[~��l�:",0,0,,0,
84.66,0.050,105,96,1.0,19.9,"�-�P���{O?����z�;���yxO�<�<�i�@_""	�ŉ1A[~��l�:",0,0,,0,
84.71,0.050,105,96,0.0,0.0,"�-�P���{O?����z�;���yxO�<�<�i�@_""	�ŉ1A[~��l�:",0,0,,0,
84.76,0.051,104,95,1.4,28.0,"�-�P���{O?����z�;���yxO�<�<�i�@_""	�ŉ1A[~��l�:",0,0,,0,
84.81,0.050,104,94,1.0,19.8,"�-�P���{O?����z�;���yxO�<�<�i�@_""	�ŉ1A[~��l�:",0,0,,0,
84.86,0.051,104,94,0.0,0.0,"�-�P���{O?����z�;���yxO�<�<�i�@_""	�ŉ1A[~��l�:",0,0,,0,
84.91,0.050,104,93,1.0,19.8,"�-�P���{O?����z�;���yxO�<�<�i�@_""	�ŉ1A[~��l�:",0,0,,0,
84.96,0.050,103,92,1.4,28.0,"�-�P���{O?����z�;���yxO�<�<�i�@_""	�ŉ1A[~��l�:",0,0,,0,
85.01,0.051,103,92,0.0,0.0,"�-�P���{O?����z�;���yxO�<�<�i�@_""	�ŉ1A[~��l�:",0,0,,0,
85.06,0.050,103,91,1.0,19.8,"�-�P���{O?����z�;���yxO�<�<�i�@_""	�ŉ1A[~��l�:",0,0,,0,
85.11,0.051,103,91,0.0,0.0,"�-�P���{O?����z�;���yxO�<�<�i�@_""	�ŉ1A[~��l�:",0,0,,0,
85.16,0.051,102,90,1.4,27.8,"�-�P���{O?����z�;���yxO�<�<�i�@_""	�ŉ1A[~��l�:",0,0,,0,
85.21,0.050,102,90,0.0,0.0,"�-�P���{O?����z�;���yxO�<�<�i�@_""	�ŉ1A[~��l�:",0,0,,0,
85.27,0.051,102,89,1.0,19.8,"�-�P���{O?����z�;���yxO�<�<�i�@_""	�ŉ1A[~��l�:",0,0,,0,
85.32,0.051,102,89,0.0,0.0,"�-�P���{O?����z�;���yxO�<�<�i�@_""	�ŉ1A[~��l�:",0,0,,0,
85.37,0.050,101,88,1.4,28.1,Bewitcher Cave,0,0,,0,
85.42,0.050,101,87,1.0,19.8,Bewitcher Cave,0,0,,0,
85.47,0.051,101,87,0.0,0.0,Bewitcher Cave,0,0,,0,
85.52,0.050,101,86,1.0,19.9,Bewitcher Cave,0,0,,0,
85.57,0.051,100,85,1.4,27.9,Bewitcher Cave,0,0,,0,
85.62,0.050,100,85,0.0,0.0,Bewitcher Cave,0,0,,0,
85.67,0.051,100,85,0.0,0.0,Bewitcher Cave,0,0,,0,
85.72,0.050,99,85,1.0,19.8,Bewitcher Cave,0,0,,0,
85.77,0.051,98,84,1.4,27.9,Bewitcher Cave,0,0,,0,
85.82,0.050,98,84,0.0,0.0,Bewitcher Cave,0,0,,0,
85.87,0.051,97,84,1.0,19.7,Bewitcher Cave,0,0,,0,
85.92,0.051,97,84,0.0,0.0,Bewitcher Cave,0,0,,0,
85.97,0.050,96,83,1.4,28.1,Bewitcher Cave,0,0,,0,
86.02,0.050,95,83,1.0,19.8,Bewitcher Cave,0,0,,0,
86.07,0.050,95,83,0.0,0.0,Bewitcher Cave,0,0,,0,
86.12,0.050,94,83,1.0,19.8,Bewitcher Cave,0,0,,0,
86.17,0.051,94,82,1.0,19.6,Bewitcher Cave,0,0,,0,
86.23,0.050,93,82,1.0,19.8,Bewitcher Cave,0,0,,0,
86.28,0.051,93,82,0.0,0.0,Bewitcher Cave,0,0,,0,
86.33,0.051,92,82,1.0,19.7,Bewitcher Cave,0,0,,0,
86.38,0.050,91,81,1.4,28.1,Bewitcher Cave,0,0,,0,
86.43,0.050,91,81,0.0,0.0,Bewitcher Cave,0,0,,0,
86.48,0.051,90,81,1.0,19.7,Bewitcher Cave,0,0,,0,
86.53,0.051,90,81,0.0,0.0,Bewitcher Cave,0,0,,0,
86.58,0.050,90,81,0.0,0.0,Bewitcher Cave,0,0,,0,
86.63,0.051,90,81,0.0,0.0,Bewitcher Cave,0,0,,0,
86.68,0.050,90,80,1.0,19.8,Bewitcher Cave,0,0,,0,
86.73,0.051,89,79,1.4,27.9,Bewitcher Cave,0,0,,0,
86.78,0.051,89,79,0.0,0.0,Bewitcher Cave,0,0,,0,
86.83,0.051,89,78,1.0,19.6,Bewitcher Cave,0,0,,0,
86.88,0.050,89,77,1.0,19.8,Bewitcher Cave,0,0,,0,
86.93,0.051,88,77,1.0,19.7,Bewitcher Cave,0,0,,0,
86.98,0.050,88,76,1.0,19.9,Bewitcher Cave,0,0,,0,
87.03,0.050,88,76,0.0,0.0,Bewitcher Cave,0,0,,0,
87.09,0.051,88,75,1.0,19.7,Bewitcher Cave,0,0,,0,
87.14,0.051,88,75,0.0,0.0,Bewitcher Cave,0,0,,0,
87.19,0.051,87,74,1.4,28.0,Bewitcher Cave,0,0,,0,
87.24,0.051,87,73,1.0,19.8,Bewitcher Cave,0,0,,0,
87.29,0.051,87,73,0.0,0.0,Bewitcher Cave,0,0,,0,
87.34,0.050,87,72,1.0,19.8,Bewitcher Cave,0,0,,0,
87.39,0.050,86,71,1.4,28.0,Bewitcher Cave,0,0,,0,
87.44,0.051,86,71,0.0,0.0,Bewitcher Cave,0,0,,0,
87.49,0.051,86,70,1.0,19.8,Bewitcher Cave,0,0,,0,
87.54,0.050,86,69,1.0,19.9,Bewitcher Cave,0,0,,0,
87.59,0.051,86,69,0.0,0.0,Bewitcher Cave,0,0,,0,
87.64,0.050,85,68,1.4,28.0,Bewitcher Cave,0,0,,0,
87.69,0.051,85,68,0.0,0.0,Bewitcher Cave,0,0,,0,
87.74,0.050,85,67,1.0,19.9,Bewitcher Cave,0,0,,0,
87.79,0.051,85,67,0.0,0.0,Bewitcher Cave,0,0,,0,
87.84,0.051,85,66,1.0,19.8,Bewitcher Cave,0,0,,0,
87.89,0.050,84,66,1.0,19.8,Bewitcher Cave,0,0,,0,
87.94,0.051,84,65,1.0,19.7,Bewitcher Cave,0,0,,0,
88.00,0.051,84,64,1.0,19.7,Bewitcher Cave,0,0,,0,
88.05,0.050,84,63,1.0,19.8,Bewitcher Cave,0,0,,0,
88.10,0.050,83,63,1.0,19.9,Bewitcher Cave,0,0,,0,
88.15,0.050,83,62,1.0,19.9,Bewitcher Cave,0,0,,0,
88.20,0.051,83,62,0.0,0.0,Bewitcher Cave,0,0,,0,
88.25,0.051,83,61,1.0,19.8,Bewitcher Cave,0,0,,0,
88.30,0.050,83,61,0.0,0.0,Bewitcher Cave,0,0,,0,
88.35,0.051,82,60,1.4,27.9,Bewitcher Cave,0,0,,0,
88.40,0.051,82,59,1.0,19.7,Bewitcher Cave,0,0,,0,
88.45,0.050,82,59,0.0,0.0,Bewitcher Cave,0,0,,0,
88.50,0.051,82,59,0.0,0.0,Bewitcher Cave,0,0,,0,
88.55,0.050,82,59,0.0,0.0,Bewitcher Cave,0,0,,0,
88.60,0.051,82,58,1.0,19.8,Bewitcher Cave,0,0,,0,
88.65,0.050,83,58,1.0,19.9,Bewitcher Cave,0,0,,0,
88.70,0.050,83,57,1.0,19.9,Bewitcher Cave,0,0,,0,
88.75,0.050,84,57,1.0,19.9,Bewitcher Cave,0,0,,0,
88.80,0.050,84,56,1.0,19.8,Bewitcher Cave,0,0,,0,
88.85,0.051,84,56,0.0,0.0,Bewitcher Cave,0,0,,0,
88.90,0.050,85,55,1.4,28.1,Bewitcher Cave,0,0,,0,
88.95,0.050,85,55,0.0,0.0,Bewitcher Cave,0,0,,0,
89.00,0.051,86,54,1.4,27.9,Bewitcher Cave,0,0,,0,
89.05,0.050,86,54,0.0,0.0,Bewitcher Cave,0,0,,0,
89.11,0.051,86,53,1.0,19.7,Bewitcher Cave,0,0,,0,
89.16,0.051,87,53,1.0,19.8,Bewitcher Cave,0,0,,0,
89.21,0.050,87,52,1.0,19.8,Bewitcher Cave,0,0,,0,
89.26,0.050,88,52,1.0,19.8,Bewitcher Cave,0,0,,0,
89.31,0.051,88,51,1.0,19.8,Bewitcher Cave,0,0,,0,
89.36,0.050,88,51,0.0,0.0,Bewitcher Cave,0,0,,0,
89.41,0.050,89,50,1.4,28.1,Bewitcher Cave,0,0,,0,
89.46,0.051,89,50,0.0,0.0,Bewitcher Cave,0,0,,0,
89.51,0.050,90,49,1.4,28.0,Bewitcher Cave,0,0,,0,
89.56,0.050,90,49,0.0,0.0,Bewitcher Cave,0,0,,0,
89.61,0.051,90,48,1.0,19.7,Bewitcher Cave,0,0,,0,
89.66,0.050,91,48,1.0,19.9,Bewitcher Cave,0,0,,0,
89.71,0.050,91,47,1.0,19.8,Bewitcher Cave,0,0,,0,
89.76,0.050,92,47,1.0,19.8,Bewitcher Cave,0,0,,0,
89.81,0.050,92,46,1.0,19.8,Bewitcher Cave,0,0,,0,
89.86,0.050,92,46,0.0,0.0,Bewitcher Cave,0,0,,0,
89.91,0.051,93,45,1.4,27.9,Bewitcher Cave,0,0,,0,
89.96,0.051,93,44,1.0,19.7,Bewitcher Cave,0,0,,0,
90.01,0.051,94,44,1.0,19.7,Bewitcher Cave,0,0,,0,
90.06,0.050,94,44,0.0,0.0,Bewitcher Cave,0,0,,0,
90.11,0.050,94,43,1.0,19.9,Bewitcher Cave,0,0,,0,
90.17,0.050,95,43,1.0,19.8,Bewitcher Cave,0,0,,0,
90.22,0.050,95,42,1.0,19.8,Bewitcher Cave,0,0,,0,
90.27,0.051,96,42,1.0,19.7,Bewitcher Cave,0,0,,0,
90.32,0.051,96,41,1.0,19.8,Bewitcher Cave,0,0,,0,
90.37,0.051,96,41,0.0,0.0,Bewitcher Cave,0,0,,0,
90.42,0.050,97,40,1.4,28.1,Bewitcher Cave,0,0,,0,
90.47,0.050,97,40,0.0,0.0,Bewitcher Cave,0,0,,0,
90.52,0.051,97,39,1.0,19.8,Bewitcher Cave,0,0,,0,
90.57,0.051,98,38,1.4,27.9,Bewitcher Cave,0,0,,0,
90.62,0.051,98,38,0.0,0.0,Bewitcher Cave,0,0,,0,
90.67,0.050,99,37,1.4,28.1,Bewitcher Cave,0,0,,0,
90.72,0.050,99,37,0.0,0.0,Bewitcher Cave,0,0,,0,
90.77,0.051,100,36,1.4,27.9,Bewitcher Cave,0,0,,0,
90.82,0.050,100,36,0.0,0.0,Bewitcher Cave,0,0,,0,
90.87,0.050,100,35,1.0,19.9,Bewitcher Cave,0,0,,0,
90.92,0.050,101,35,1.0,19.8,Bewitcher Cave,0,0,,0,
90.97,0.051,101,35,0.0,0.0,Bewitcher Cave,0,0,,0,
91.02,0.050,101,34,1.0,19.9,Bewitcher Cave,0,0,,0,
91.07,0.050,102,34,1.0,19.8,Bewitcher Cave,0,0,,0,
91.12,0.050,102,33,1.0,19.9,Bewitcher Cave,0,0,,0,
91.18,0.051,103,32,1.4,27.8,Bewitcher Cave,0,0,,0,
91.23,0.051,103,32,0.0,0.0,Bewitcher Cave,0,0,,0,
91.28,0.051,103,32,0.0,0.0,Bewitcher Cave,0,0,,0,
91.33,0.050,104,31,1.4,28.0,Bewitcher Cave,0,0,,0,
91.38,0.051,104,30,1.0,19.7,Bewitcher Cave,0,0,,0,
91.43,0.050,104,30,0.0,0.0,Bewitcher Cave,0,0,,0,
91.48,0.050,105,29,1.4,28.1,Bewitcher Cave,0,0,,0,
91.53,0.051,105,29,0.0,0.0,Bewitcher Cave,0,0,,0,
91.58,0.051,106,28,1.4,28.0,Bewitcher Cave,0,0,,0,
91.63,0.051,106,28,0.0,0.0,Bewitcher Cave,0,0,,0,
91.68,0.050,107,27,1.4,28.0,Bewitcher Cave,0,0,,0,
91.73,0.050,107,27,0.0,0.0,Bewitcher Cave,0,0,,0,
91.78,0.051,107,26,1.0,19.8,Bewitcher Cave,0,0,,0,
91.83,0.050,108,26,1.0,19.9,Bewitcher Cave,0,0,,0,
91.88,0.050,108,26,0.0,0.0,Bewitcher Cave,0,0,,0,
91.93,0.051,108,25,1.0,19.6,Bewitcher Cave,0,0,,0,
91.98,0.050,109,24,1.4,28.0,Bewitcher Cave,0,0,,0,
92.03,0.050,109,24,0.0,0.0,Bewitcher Cave,0,0,,0,
92.08,0.050,110,23,1.4,28.2,Bewitcher Cave,0,0,,0,
92.13,0.050,110,23,0.0,0.0,Bewitcher Cave,0,0,,0,
92.19,0.050,110,22,1.0,19.9,Bewitcher Cave,0,0,,0,
92.24,0.050,111,22,1.0,19.9,Bewitcher Cave,0,0,,0,
92.29,0.051,111,21,1.0,19.7,Bewitcher Cave,0,0,,0,
92.34,0.051,112,21,1.0,19.7,Bewitcher Cave,0,0,,0,
92.39,0.050,112,20,1.0,19.8,Bewitcher Cave,0,0,,0,
92.44,0.051,112,20,0.0,0.0,Bewitcher Cave,0,0,,0,
92.49,0.050,113,19,1.4,28.2,Bewitcher Cave,0,0,,0,
92.54,0.051,113,19,0.0,0.0,Bewitcher Cave,0,0,,0,
92.59,0.050,114,18,1.4,28.1,Bewitcher Cave,0,0,,0,
92.64,0.051,114,18,0.0,0.0,Bewitcher Cave,0,0,,0,
92.69,0.050,114,17,1.0,19.9,Bewitcher Cave,0,0,,0,
92.74,0.051,115,17,1.0,19.8,Bewitcher Cave,0,0,,0,
92.79,0.050,115,16,1.0,19.9,Bewitcher Cave,0,0,,0,
92.84,0.050,116,16,1.0,19.9,Bewitcher Cave,0,0,,0,
92.89,0.051,116,15,1.0,19.7,Bewitcher Cave,0,0,,0,
92.94,0.050,116,15,0.0,0.0,Bewitcher Cave,0,0,,0,
92.99,0.050,117,14,1.4,28.1,Bewitcher Cave,0,0,,0,
93.04,0.051,117,14,0.0,0.0,Bewitcher Cave,0,0,,0,
93.09,0.051,118,13,1.4,27.9,Bewitcher Cave,0,0,,0,
93.15,0.051,118,13,0.0,0.0,Bewitcher Cave,0,0,,0,
93.20,0.051,118,12,1.0,19.7,Bewitcher Cave,0,0,,0,
93.25,0.051,119,12,1.0,19.8,Bewitcher Cave,0,0,,0,
93.30,0.051,119,11,1.0,19.8,Bewitcher Cave,0,0,,0,
93.35,0.050,119,11,0.0,0.0,Bewitcher Cave,0,0,,0,
93.40,0.051,120,10,1.4,27.8,Bewitcher Cave,0,0,,0,
93.45,0.051,120,10,0.0,0.0,Bewitcher Cave,0,0,,0,
93.50,0.051,120,10,0.0,0.0,Bewitcher Cave,0,0,,0,
93.55,0.050,120,9,1.0,19.9,Bewitcher Cave,0,0,,0,
93.60,0.051,120,9,0.0,0.0,Bewitcher Cave,0,0,,0,
93.65,0.051,120,8,1.0,19.7,Bewitcher Cave,0,0,,0,
93.70,0.050,120,7,1.0,19.9,Bewitcher Cave,0,0,,0,
93.75,0.050,120,7,0.0,0.0,Bewitcher Cave,0,0,,0,
93.80,0.050,120,6,1.0,19.9,Bewitcher Cave,0,0,,0,
93.85,0.050,120,5,1.0,19.9,Bewitcher Cave,0,0,,0,
93.90,0.050,120,5,0.0,0.0,Bewitcher Cave,0,0,,0,
93.95,0.051,120,4,1.0,19.7,Bewitcher Cave,0,0,,0,
94.00,0.050,120,4,0.0,0.0,Bewitcher Cave,0,0,,0,
94.05,0.051,120,3,1.0,19.8,Bewitcher Cave,0,0,,0,
94.10,0.051,120,2,1.0,19.8,Bewitcher Cave,0,0,,0,
94.16,0.051,120,2,0.0,0.0,Bewitcher Cave,0,0,,0,
94.21,0.051,119,1,1.4,27.9,Bewitcher Cave,0,0,,0,
94.26,0.051,119,0,1.0,19.8,Bewitcher Cave,0,0,,0,
94.31,0.051,119,0,0.0,0.0,Bewitcher Cave,0,0,,0,
94.36,0.050,119,-1,1.0,19.9,Bloodsucker Zone,0,0,,0,
94.41,0.051,119,-2,1.0,19.6,Bloodsucker Zone,0,0,,0,
94.46,0.051,119,-2,0.0,0.0,Bloodsucker Zone,0,0,,0,
94.51,0.051,119,-3,1.0,19.7,Bloodsucker Zone,0,0,,0,
94.56,0.051,119,-4,1.0,19.7,Bloodsucker Zone,0,0,,0,
94.61,0.051,119,-4,0.0,0.0,Bloodsucker Zone,0,0,,0,
94.66,0.051,119,-5,1.0,19.7,Bloodsucker Zone,0,0,,0,
94.71,0.050,119,-5,0.0,0.0,Bloodsucker Zone,0,0,,0,
94.76,0.050,119,-6,1.0,19.9,Bloodsucker Zone,0,0,,0,
94.81,0.051,119,-7,1.0,19.8,Bloodsucker Zone,0,0,,0,
94.86,0.051,119,-7,0.0,0.0,Bloodsucker Zone,0,0,,0,
94.91,0.051,119,-8,1.0,19.8,Bloodsucker Zone,0,0,,0,
94.96,0.051,119,-9,1.0,19.6,Bloodsucker Zone,0,0,,0,
95.02,0.051,119,-9,0.0,0.0,Bloodsucker Zone,0,0,,0,
95.07,0.050,119,-10,1.0,19.8,Bloodsucker Zone,0,0,,0,
95.12,0.050,119,-10,0.0,0.0,Bloodsucker Zone,0,0,,0,
95.17,0.050,119,-11,1.0,19.8,Bloodsucker Zone,0,0,,0,
95.22,0.051,119,-12,1.0,19.8,Bloodsucker Zone,0,0,,0,
95.27,0.051,119,-12,0.0,0.0,Bloodsucker Zone,0,0,,0,
95.32,0.051,119,-13,1.0,19.6,Bloodsucker Zone,0,0,,0,
95.37,0.051,119,-14,1.0,19.6,Bloodsucker Zone,0,0,,0,
95.42,0.050,119,-14,0.0,0.0,Bloodsucker Zone,0,0,,0,
95.47,0.051,119,-15,1.0,19.8,Bloodsucker Zone,0,0,,0,
95.52,0.051,119,-16,1.0,19.8,Bloodsucker Zone,0,0,,0,
95.57,0.051,118,-17,1.4,28.0,Bloodsucker Zone,0,0,,0,
95.62,0.051,118,-17,0.0,0.0,Bloodsucker Zone,0,0,,0,
95.67,0.051,118,-18,1.0,19.8,Bloodsucker Zone,0,0,,0,
95.72,0.050,118,-18,0.0,0.0,Bloodsucker Zone,0,0,,0,
95.77,0.051,118,-19,1.0,19.8,Bloodsucker Zone,0,0,,0,
95.83,0.051,118,-20,1.0,19.8,Bloodsucker Zone,0,0,,0,
95.88,0.051,118,-20,0.0,0.0,Bloodsucker Zone,0,0,,0,
95.93,0.051,118,-21,1.0,19.8,Bloodsucker Zone,0,0,,0,
95.98,0.050,118,-21,0.0,0.0,Bloodsucker Zone,0,0,,0,
96.03,0.051,118,-22,1.0,19.8,Bloodsucker Zone,0,0,,0,
96.08,0.051,118,-23,1.0,19.8,Bloodsucker Zone,0,0,,0,
96.13,0.051,118,-23,0.0,0.0,Bloodsucker Zone,0,0,,0,
96.18,0.051,118,-24,1.0,19.8,Bloodsucker Zone,0,0,,0,
96.23,0.051,118,-25,1.0,19.7,Bloodsucker Zone,0,0,,0,
96.28,0.051,118,-25,0.0,0.0,Bloodsucker Zone,0,0,,0,
96.33,0.051,119,-26,1.4,28.0,Bloodsucker Zone,0,0,,0,
96.38,0.050,119,-26,0.0,0.0,Bloodsucker Zone,0,0,,0,
96.43,0.051,119,-26,0.0,0.0,Bloodsucker Zone,0,0,,0,
96.48,0.051,120,-27,1.4,27.9,Bloodsucker Zone,0,0,,0,
96.53,0.051,120,-28,1.0,19.7,Bloodsucker Zone,0,0,,0,
96.58,0.050,120,-28,0.0,0.0,Bloodsucker Zone,0,0,,0,
96.63,0.051,121,-28,1.0,19.7,Bloodsucker Zone,0,0,,0,
96.69,0.051,121,-29,1.0,19.7,Bloodsucker Zone,0,0,,0,
96.74,0.051,122,-29,1.0,19.8,Bloodsucker Zone,0,0,,0,
96.79,0.050,122,-30,1.0,19.8,Bloodsucker Zone,0,0,,0,
96.84,0.050,122,-30,0.0,0.0,Bloodsucker Zone,0,0,,0,
96.89,0.051,123,-31,1.4,27.9,Bloodsucker Zone,0,0,,0,
96.94,0.050,123,-31,0.0,0.0,Bloodsucker Zone,0,0,,0,
96.99,0.050,124,-32,1.4,28.1,Bloodsucker Zone,0,0,,0,
97.04,0.051,124,-32,0.0,0.0,Bloodsucker Zone,0,0,,0,
97.09,0.050,125,-33,1.4,28.1,Bloodsucker Zone,0,0,,0,
97.14,0.051,125,-33,0.0,0.0,Bloodsucker Zone,0,0,,0,
97.19,0.050,125,-34,1.0,19.9,Bloodsucker Zone,0,0,,0,
97.24,0.051,126,-34,1.0,19.7,Bloodsucker Zone,0,0,,0,
97.29,0.051,126,-35,1.0,19.8,Bloodsucker Zone,0,0,,0,
97.34,0.051,127,-35,1.0,19.8,Bloodsucker Zone,0,0,,0,
97.39,0.051,127,-36,1.0,19.7,Bloodsucker Zone,0,0,,0,
97.44,0.051,128,-36,1.0,19.7,Bloodsucker Zone,0,0,,0,
97.49,0.051,128,-37,1.0,19.8,Bloodsucker Zone,0,0,,0,
97.54,0.050,128,-37,0.0,0.0,Bloodsucker Zone,0,0,,0,
97.60,0.051,129,-38,1.4,28.0,Bloodsucker Zone,0,0,,0,
97.65,0.051,129,-38,0.0,0.0,Bloodsucker Zone,0,0,,0,
97.70,0.051,130,-39,1.4,27.7,Bloodsucker Zone,0,0,,0,
97.75,0.051,130,-39,0.0,0.0,Bloodsucker Zone,0,0,,0,
97.80,0.050,131,-40,1.4,28.1,Bloodsucker Zone,0,0,,0,
97.85,0.051,131,-40,0.0,0.0,Bloodsucker Zone,0,0,,0,
97.90,0.051,131,-40,0.0,0.0,Bloodsucker Zone,0,0,,0,
97.95,0.050,132,-41,1.4,28.1,Bloodsucker Zone,0,0,,0,
98.00,0.050,132,-41,0.0,0.0,Bloodsucker Zone,0,0,,0,
98.05,0.051,133,-42,1.4,27.9,Bloodsucker Zone,0,0,,0,
98.10,0.051,133,-43,1.0,19.8,Bloodsucker Zone,0,0,,0,
98.15,0.050,133,-43,0.0,0.0,Bloodsucker Zone,0,0,,0,
98.20,0.050,134,-43,1.0,19.9,Bloodsucker Zone,0,0,,0,
98.25,0.051,134,-44,1.0,19.7,Bloodsucker Zone,0,0,,0,
98.30,0.051,135,-44,1.0,19.8,Bloodsucker Zone,0,0,,0,
98.35,0.050,135,-45,1.0,19.9,Bloodsucker Zone,0,0,,0,
98.40,0.051,136,-45,1.0,19.8,Bloodsucker Zone,0,0,,0,
98.45,0.051,136,-46,1.0,19.7,Bloodsucker Zone,0,0,,0,
98.51,0.051,136,-46,0.0,0.0,Bloodsucker Zone,0,0,,0,
98.56,0.050,137,-47,1.4,28.1,Bloodsucker Zone,0,0,,0,
98.61,0.050,137,-47,0.0,0.0,Bloodsucker Zone,0,0,,0,
98.66,0.051,138,-48,1.4,27.9,Bloodsucker Zone,0,0,,0,
98.71,0.050,138,-48,0.0,0.0,Bloodsucker Zone,0,0,,0,
98.76,0.050,138,-49,1.0,19.9,Bloodsucker Zone,0,0,,0,
98.81,0.051,139,-49,1.0,19.8,Bloodsucker Zone,0,0,,0,
98.86,0.050,139,-50,1.0,19.9,Bloodsucker Zone,0,0,,0,
98.91,0.050,140,-50,1.0,19.8,Bloodsucker Zone,0,0,,0,
98.96,0.050,140,-51,1.0,19.9,Bloodsucker Zone,0,0,,0,
99.01,0.050,141,-51,1.0,19.9,Bloodsucker Zone,0,0,,0,
99.06,0.051,141,-52,1.0,19.8,Bloodsucker Zone,0,0,,0,
99.11,0.050,141,-52,0.0,0.0,Bloodsucker Zone,0,0,,0,
99.16,0.050,142,-53,1.4,28.1,Bloodsucker Zone,0,0,,0,
99.21,0.051,142,-53,0.0,0.0,Bloodsucker Zone,0,0,,0,
99.26,0.050,143,-54,1.4,28.1,Bloodsucker Zone,0,0,,0,
99.31,0.051,143,-54,0.0,0.0,Bloodsucker Zone,0,0,,0,
99.36,0.051,144,-55,1.4,27.8,Bloodsucker Zone,0,0,,0,
99.41,0.051,144,-55,0.0,0.0,Bloodsucker Zone,0,0,,0,
99.46,0.051,144,-55,0.0,0.0,Bloodsucker Zone,0,0,,0,
99.51,0.051,145,-56,1.4,28.0,Bloodsucker Zone,0,0,,0,
99.57,0.051,145,-56,0.0,0.0,Bloodsucker Zone,0,0,,0,
99.62,0.051,146,-57,1.4,27.9,Bloodsucker Zone,0,0,,0,
99.67,0.050,146,-58,1.0,19.9,Bloodsucker Zone,0,0,,0,
99.72,0.050,146,-58,0.0,0.0,Bloodsucker Zone,0,0,,0,
99.77,0.050,147,-59,1.4,28.1,Bloodsucker Zone,0,0,,0,
99.82,0.050,147,-59,0.0,0.0,Bloodsucker Zone,0,0,,0,
99.87,0.050,148,-59,1.0,19.9,Bloodsucker Zone,0,0,,0,
99.92,0.051,148,-60,1.0,19.8,Bloodsucker Zone,0,0,,0,
99.97,0.051,149,-60,1.0,19.7,Bloodsucker Zone,0,0,,0,
100.02,0.050,149,-61,1.0,19.9,Bloodsucker Zone,0,0,,0,
100.07,0.050,149,-61,0.0,0.0,Bloodsucker Zone,0,0,,0,
100.12,0.050,150,-62,1.4,28.1,Bloodsucker Zone,0,0,,0,
100.17,0.051,150,-62,0.0,0.0,Bloodsucker Zone,0,0,,0,
100.22,0.051,151,-63,1.4,27.7,Bloodsucker Zone,0,0,,0,
100.27,0.051,151,-63,0.0,0.0,Bloodsucker Zone,0,0,,0,
100.32,0.051,152,-64,1.4,27.9,Bloodsucker Zone,0,0,,0,
100.37,0.051,152,-64,0.0,0.0,Bloodsucker Zone,0,0,,0,
100.42,0.051,152,-65,1.0,19.7,Bloodsucker Zone,0,0,,0,
100.47,0.050,153,-65,1.0,19.8,Bloodsucker Zone,0,0,,0,
100.52,0.051,153,-66,1.0,19.7,Bloodsucker Zone,0,0,,0,
100.58,0.050,154,-66,1.0,19.8,Bloodsucker Zone,0,0,,0,
100.63,0.051,154,-67,1.0,19.8,Bloodsucker Zone,0,0,,0,
100.68,0.051,155,-67,1.0,19.8,Bloodsucker Zone,0,0,,0,
100.73,0.051,155,-68,1.0,19.8,Bloodsucker Zone,0,0,,0,
100.78,0.051,155,-68,0.0,0.0,Bloodsucker Zone,0,0,,0,
100.83,0.051,156,-69,1.4,27.9,Bloodsucker Zone,0,0,,0,
100.88,0.051,156,-69,0.0,0.0,Bloodsucker Zone,0,0,,0,
100.93,0.051,157,-70,1.4,27.9,Bloodsucker Zone,0,0,,0,
100.98,0.050,157,-70,0.0,0.0,Bloodsucker Zone,0,0,,0,
101.03,0.050,157,-70,0.0,0.0,Bloodsucker Zone,0,0,,0,
101.08,0.050,157,-70,0.0,0.0,Bloodsucker Zone,0,0,,0,
101.13,0.051,158,-71,1.4,27.9,Bloodsucker Zone,0,0,,0,
101.18,0.050,158,-71,0.0,0.0,Bloodsucker Zone,0,0,,0,
101.23,0.051,159,-71,1.0,19.7,Bloodsucker Zone,0,0,,0,
101.28,0.051,159,-72,1.0,19.7,Bloodsucker Zone,0,0,,0,
101.33,0.050,160,-72,1.0,19.8,Bloodsucker Zone,0,0,,0,
101.38,0.050,160,-72,0.0,0.0,Bloodsucker Zone,0,0,,0,
101.43,0.051,161,-73,1.4,28.0,Bloodsucker Zone,0,0,,0,
101.48,0.050,161,-73,0.0,0.0,Bloodsucker Zone,0,0,,0,
101.53,0.050,162,-74,1.4,28.1,Bloodsucker Zone,0,0,,0,
101.59,0.050,163,-74,1.0,19.8,Bloodsucker Zone,0,0,,0,
101.64,0.051,163,-74,0.0,0.0,Bloodsucker Zone,0,0,,0,
101.69,0.051,163,-75,1.0,19.7,Bloodsucker Zone,0,0,,0,
101.74,0.050,164,-75,1.0,19.8,Bloodsucker Zone,0,0,,0,
101.79,0.051,165,-76,1.4,27.8,Bloodsucker Zone,0,0,,0,
101.84,0.051,165,-76,0.0,0.0,Bloodsucker Zone,0,0,,0,
101.89,0.051,166,-76,1.0,19.8,Bloodsucker Zone,0,0,,0,
101.94,0.051,166,-77,1.0,19.6,Bloodsucker Zone,0,0,,0,
101.99,0.051,167,-77,1.0,19.8,Bloodsucker Zone,0,0,,0,
102.04,0.050,167,-77,0.0,0.0,Bloodsucker Zone,0,0,,0,
102.09,0.051,168,-78,1.4,27.9,Bloodsucker Zone,0,0,,0,
102.14,0.051,168,-78,0.0,0.0,Bloodsucker Zone,0,0,,0,
102.19,0.051,169,-79,1.4,27.9,Bloodsucker Zone,0,0,,0,
102.24,0.051,169,-79,0.0,0.0,Bloodsucker Zone,0,0,,0,
102.30,0.051,170,-79,1.0,19.7,Bloodsucker Zone,0,0,,0,
102.35,0.051,170,-80,1.0,19.8,Bewitcher Cave,0,0,,0,
102.40,0.051,171,-80,1.0,19.8,Bewitcher Cave,0,0,,0,
102.45,0.050,171,-81,1.0,19.8,Bewitcher Cave,0,0,,0,
102.50,0.051,172,-81,1.0,19.8,Bewitcher Cave,0,0,,0,
102.55,0.050,172,-81,0.0,0.0,Bewitcher Cave,0,0,,0,
102.60,0.051,173,-82,1.4,27.9,Bewitcher Cave,0,0,,0,
102.65,0.051,173,-82,0.0,0.0,Bewitcher Cave,0,0,,0,
102.70,0.051,174,-82,1.0,19.7,Bewitcher Cave,0,0,,0,
102.75,0.050,174,-83,1.0,19.9,Bewitcher Cave,0,0,,0,
102.80,0.051,175,-83,1.0,19.7,Bewitcher Cave,0,0,,0,
102.85,0.051,175,-84,1.0,19.7,Bewitcher Cave,0,0,,0,
102.90,0.050,176,-84,1.0,19.9,Bewitcher Cave,0,0,,0,
102.95,0.050,176,-84,0.0,0.0,Bewitcher Cave,0,0,,0,
103.00,0.051,177,-85,1.4,28.0,Bewitcher Cave,0,0,,0,
103.05,0.051,178,-85,1.0,19.7,Bewitcher Cave,0,0,,0,
103.10,0.050,178,-85,0.0,0.0,Bewitcher Cave,0,0,,0,
103.15,0.051,178,-86,1.0,19.8,Bewitcher Cave,0,0,,0,
103.21,0.051,179,-86,1.0,19.8,Bewitcher Cave,0,0,,0,
103.26,0.050,180,-87,1.4,28.1,Bewitcher Cave,0,0,,0,
103.31,0.050,180,-87,0.0,0.0,Bewitcher Cave,0,0,,0,
103.36,0.051,181,-87,1.0,19.5,Bewitcher Cave,0,0,,0,
103.41,0.051,181,-88,1.0,19.8,Bewitcher Cave,0,0,,0,
103.46,0.051,182,-88,1.0,19.6,Bewitcher Cave,0,0,,0,
103.51,0.050,182,-89,1.0,19.9,Bewitcher Cave,0,0,,0,
103.56,0.051,183,-89,1.0,19.8,Bewitcher Cave,0,0,,0,
103.61,0.052,183,-89,0.0,0.0,Bewitcher Cave,0,0,,0,
103.66,0.051,184,-90,1.4,28.0,Bewitcher Cave,0,0,,0,
103.71,0.051,184,-90,0.0,0.0,Bewitcher Cave,0,0,,0,
103.76,0.051,185,-90,1.0,19.8,Bewitcher Cave,0,0,,0,
103.81,0.051,185,-91,1.0,19.8,Bewitcher Cave,0,0,,0,
103.86,0.050,186,-91,1.0,19.8,Bewitcher Cave,0,0,,0,
103.91,0.051,186,-91,0.0,0.0,Bewitcher Cave,0,0,,0,
103.96,0.051,187,-92,1.4,28.0,Bewitcher Cave,0,0,,0,
104.02,0.051,187,-92,0.0,0.0,Bewitcher Cave,0,0,,0,
104.07,0.050,188,-93,1.4,28.1,Bewitcher Cave,0,0,,0,
104.12,0.051,188,-93,0.0,0.0,Bewitcher Cave,0,0,,0,
104.17,0.051,189,-93,1.0,19.8,Bewitcher Cave,0,0,,0,
104.22,0.051,189,-94,1.0,19.7,Bewitcher Cave,0,0,,0,
104.27,0.051,190,-94,1.0,19.4,Bewitcher Cave,0,0,,0,
104.32,0.051,190,-95,1.0,19.8,Bewitcher Cave,0,0,,0,
104.37,0.051,191,-95,1.0,19.8,Bewitcher Cave,0,0,,0,
104.42,0.051,191,-95,0.0,0.0,Bewitcher Cave,0,0,,0,
104.47,0.050,192,-96,1.4,28.1,Bewitcher Cave,0,0,,0,
104.52,0.050,193,-96,1.0,19.9,Bewitcher Cave,0,0,,0,
104.57,0.051,193,-97,1.0,19.6,Bewitcher Cave,0,0,,0,
104.62,0.051,193,-97,0.0,0.0,Bewitcher Cave,0,0,,0,
104.67,0.050,194,-97,1.0,19.9,Bewitcher Cave,0,0,,0,
104.72,0.051,195,-98,1.4,28.0,Bewitcher Cave,0,0,,0,
104.78,0.051,195,-98,0.0,0.0,Bewitcher Cave,0,0,,0,
104.83,0.051,196,-98,1.0,19.8,Bewitcher Cave,0,0,,0,
104.88,0.051,196,-99,1.0,19.8,Bewitcher Cave,0,0,,0,
104.93,0.051,197,-99,1.0,19.8,Bewitcher Cave,0,0,,0,
104.98,0.050,197,-100,1.0,19.9,Bewitcher Cave,0,0,,0,
105.03,0.051,198,-100,1.0,19.8,Bewitcher Cave,0,0,,0,
105.08,0.051,198,-100,0.0,0.0,Bewitcher Cave,0,0,,0,
105.13,0.051,199,-101,1.4,28.0,Bewitcher Cave,0,0,,0,
105.18,0.053,199,-101,0.0,0.0,Bewitcher Cave,0,0,,0,
105.23,0.050,199,-101,0.0,0.0,Bewitcher Cave,0,0,,0,
105.28,0.051,199,-101,0.0,0.0,Bewitcher Cave,0,0,,0,
105.33,0.050,200,-100,1.4,28.1,Bewitcher Cave,0,0,,0,
105.38,0.050,200,-100,0.0,0.0,Bewitcher Cave,0,0,,0,
105.43,0.050,201,-100,1.0,19.8,Bewitcher Cave,0,0,,0,
105.48,0.050,201,-99,1.0,19.9,Bewitcher Cave,0,0,,0,
105.53,0.050,202,-99,1.0,19.8,Bewitcher Cave,0,0,,0,
105.59,0.050,202,-98,1.0,19.8,Bewitcher Cave,0,0,,0,
105.64,0.051,203,-98,1.0,19.8,Bewitcher Cave,0,0,,0,
105.69,0.051,203,-98,0.0,0.0,Bewitcher Cave,0,0,,0,
105.74,0.050,204,-97,1.4,28.1,Bewitcher Cave,0,0,,0,
105.79,0.050,204,-97,0.0,0.0,Bewitcher Cave,0,0,,0,
105.84,0.051,205,-96,1.4,27.8,Bewitcher Cave,0,0,,0,
105.89,0.050,205,-96,0.0,0.0,Bewitcher Cave,0,0,,0,
105.94,0.051,206,-96,1.0,19.8,Bewitcher Cave,0,0,,0,
105.99,0.051,206,-95,1.0,19.7,Bewitcher Cave,0,0,,0,
106.04,0.051,207,-95,1.0,19.7,Bewitcher Cave,0,0,,0,
106.09,0.051,207,-95,0.0,0.0,Bewitcher Cave,0,0,,0,
106.14,0.051,208,-94,1.4,28.0,Bewitcher Cave,0,0,,0,
106.19,0.050,208,-94,0.0,0.0,Bewitcher Cave,0,0,,0,
106.24,0.051,209,-93,1.4,27.7,Bewitcher Cave,0,0,,0,
106.29,0.050,209,-93,0.0,0.0,Bewitcher Cave,0,0,,0,
106.34,0.051,210,-92,1.4,28.0,Bewitcher Cave,0,0,,0,
106.39,0.051,210,-92,0.0,0.0,Bewitcher Cave,0,0,,0,
106.45,0.051,211,-92,1.0,19.7,Bewitcher Cave,0,0,,0,
106.50,0.051,211,-92,0.0,0.0,Bewitcher Cave,0,0,,0,
106.55,0.051,212,-91,1.4,28.0,Bewitcher Cave,0,0,,0,
106.60,0.050,213,-91,1.0,19.9,Bewitcher Cave,0,0,,0,
106.65,0.051,213,-90,1.0,19.7,Bewitcher Cave,0,0,,0,
106.70,0.051,214,-90,1.0,19.8,Bewitcher Cave,0,0,,0,
106.75,0.051,214,-89,1.0,19.7,Bewitcher Cave,0,0,,0,
106.80,0.051,215,-89,1.0,19.8,Bewitcher Cave,0,0,,0,
106.85,0.051,215,-89,0.0,0.0,Bewitcher Cave,0,0,,0,
106.90,0.050,216,-88,1.4,28.1,Bewitcher Cave,0,0,,0,
106.95,0.050,216,-88,0.0,0.0,Bewitcher Cave,0,0,,0,
107.00,0.050,216,-88,0.0,0.0,Bewitcher Cave,0,0,,0,
107.05,0.050,217,-87,1.4,28.0,Bewitcher Cave,0,0,,0,
107.10,0.051,218,-87,1.0,19.8,Bewitcher Cave,0,0,,0,
107.15,0.050,218,-86,1.0,19.9,Bewitcher Cave,0,0,,0,
107.20,0.050,219,-86,1.0,19.8,Bewitcher Cave,0,0,,0,
107.25,0.050,219,-86,0.0,0.0,Bewitcher Cave,0,0,,0,
107.30,0.051,220,-85,1.4,27.9,Bewitcher Cave,0,0,,0,
107.35,0.051,220,-85,0.0,0.0,Bewitcher Cave,0,0,,0,
107.41,0.050,221,-84,1.4,28.1,Bewitcher Cave,0,0,,0,
107.46,0.050,221,-84,0.0,0.0,Bewitcher Cave,0,0,,0,
107.51,0.051,222,-84,1.0,19.8,Bewitcher Cave,0,0,,0,
107.56,0.051,222,-83,1.0,19.7,Bewitcher Cave,0,0,,0,
107.61,0.050,223,-83,1.0,19.9,Bewitcher Cave,0,0,,0,
107.66,0.051,223,-83,0.0,0.0,Bewitcher Cave,0,0,,0,
107.71,0.051,224,-82,1.4,27.8,Bewitcher Cave,0,0,,0,
107.76,0.050,224,-82,0.0,0.0,Bewitcher Cave,0,0,,0,
107.81,0.051,225,-81,1.4,27.9,Bewitcher Cave,0,0,,0,
107.86,0.050,225,-81,0.0,0.0,Bewitcher Cave,0,0,,0,
107.91,0.050,225,-81,0.0,0.0,Bewitcher Cave,0,0,,0,
107.96,0.050,225,-81,0.0,0.0,Bewitcher Cave,0,0,,0,
108.01,0.050,225,-80,1.0,19.9,Bewitcher Cave,0,0,,0,
108.06,0.050,226,-80,1.0,19.9,Bewitcher Cave,0,0,,0,
108.11,0.050,226,-79,1.0,19.8,Bewitcher Cave,0,0,,0,
108.16,0.050,226,-79,0.0,0.0,Bewitcher Cave,0,0,,0,
108.21,0.051,227,-78,1.4,27.9,Bewitcher Cave,0,0,,0,
108.26,0.051,227,-77,1.0,19.8,Bewitcher Cave,0,0,,0,
108.31,0.051,227,-77,0.0,0.0,Bewitcher Cave,0,0,,0,
108.36,0.051,228,-76,1.4,27.9,Bewitcher Cave,0,0,,0,
108.42,0.051,228,-76,0.0,0.0,Bewitcher Cave,0,0,,0,
108.47,0.051,228,-75,1.0,19.8,Bewitcher Cave,0,0,,0,
108.52,0.051,229,-75,1.0,19.8,Bewitcher Cave,0,0,,0,
108.57,0.051,229,-74,1.0,19.8,Bewitcher Cave,0,0,,0,
108.62,0.051,229,-74,0.0,0.0,Bewitcher Cave,0,0,,0,
108.67,0.051,230,-73,1.4,27.9,Bewitcher Cave,0,0,,0,
108.72,0.050,230,-72,1.0,19.8,Bewitcher Cave,0,0,,0,
108.77,0.051,230,-72,0.0,0.0,Bewitcher Cave,0,0,,0,
108.82,0.050,231,-71,1.4,28.0,Bewitcher Cave,0,0,,0,
108.87,0.051,231,-71,0.0,0.0,Bewitcher Cave,0,0,,0,
108.92,0.050,231,-70,1.0,19.8,Bewitcher Cave,0,0,,0,
108.97,0.051,232,-70,1.0,19.7,Bewitcher Cave,0,0,,0,
109.02,0.050,232,-69,1.0,19.9,Bewitcher Cave,0,0,,0,
109.07,0.051,232,-69,0.0,0.0,Bewitcher Cave,0,0,,0,
109.12,0.051,232,-68,1.0,19.7,Bewitcher Cave,0,0,,0,
109.17,0.050,233,-68,1.0,19.8,Bewitcher Cave,0,0,,0,
109.22,0.051,233,-67,1.0,19.8,Bewitcher Cave,0,0,,0,
109.28,0.051,233,-67,0.0,0.0,Bewitcher Cave,0,0,,0,
109.33,0.050,234,-66,1.4,28.1,Bewitcher Cave,0,0,,0,
109.38,0.050,234,-65,1.0,19.8,Bewitcher Cave,0,0,,0,
109.43,0.051,234,-65,0.0,0.0,Bewitcher Cave,0,0,,0,
109.48,0.050,235,-64,1.4,28.1,Bewitcher Cave,0,0,,0,
109.53,0.051,235,-64,0.0,0.0,Bewitcher Cave,0,0,,0,
109.58,0.050,235,-63,1.0,19.8,Bewitcher Cave,0,0,,0,
109.63,0.050,236,-63,1.0,19.9,Bewitcher Cave,0,0,,0,
109.68,0.050,236,-62,1.0,19.9,Bewitcher Cave,0,0,,0,
109.73,0.050,236,-62,0.0,0.0,Bewitcher Cave,0,0,,0,
109.78,0.050,237,-61,1.4,28.1,Bewitcher Cave,0,0,,0,
109.83,0.050,237,-60,1.0,19.8,Bewitcher Cave,0,0,,0,
109.88,0.051,237,-60,0.0,0.0,Bewitcher Cave,0,0,,0,
109.93,0.051,238,-59,1.4,27.9,Bewitcher Cave,0,0,,0,
109.98,0.050,238,-59,0.0,0.0,Bewitcher Cave,0,0,,0,
110.03,0.051,238,-58,1.0,19.8,Bewitcher Cave,0,0,,0,
110.08,0.051,239,-58,1.0,19.6,Bewitcher Cave,0,0,,0,
110.13,0.051,239,-57,1.0,19.7,Bewitcher Cave,0,0,,0,
110.18,0.050,239,-56,1.0,19.9,Bewitcher Cave,0,0,,0,
110.23,0.050,239,-56,0.0,0.0,Bewitcher Cave,0,0,,0,
110.29,0.051,240,-55,1.4,27.9,Bewitcher Cave,0,0,,0,
110.34,0.050,240,-55,0.0,0.0,Bewitcher Cave,0,0,,0,
110.39,0.051,240,-54,1.0,19.8,Bewitcher Cave,0,0,,0,
110.44,0.050,241,-54,1.0,19.8,Bewitcher Cave,0,0,,0,
110.49,0.050,241,-53,1.0,19.9,Bewitcher Cave,0,0,,0,
110.54,0.051,242,-52,1.4,28.0,Bewitcher Cave,0,0,,0,
110.59,0.051,242,-52,0.0,0.0,Bewitcher Cave,0,0,,0,
110.64,0.051,242,-51,1.0,19.7,Bewitcher Cave,0,0,,0,
110.69,0.051,242,-51,0.0,0.0,Bewitcher Cave,0,0,,0,
110.74,0.051,243,-50,1.4,27.9,Bewitcher Cave,0,0,,0,
110.79,0.050,243,-50,0.0,0.0,Bewitcher Cave,0,0,,0,
110.84,0.050,243,-50,0.0,0.0,Bewitcher Cave,0,0,,0,
110.89,0.051,243,-50,0.0,0.0,Bewitcher Cave,0,0,,0,
110.94,0.051,244,-51,1.4,27.9,Bewitcher Cave,0,0,,0,
110.99,0.051,244,-51,0.0,0.0,Bewitcher Cave,0,0,,0,
111.04,0.050,245,-51,1.0,19.8,Bewitcher Cave,0,0,,0,
111.09,0.050,246,-51,1.0,19.9,Bewitcher Cave,0,0,,0,
111.14,0.051,246,-52,1.0,19.8,Bewitcher Cave,0,0,,0,
111.19,0.050,247,-52,1.0,19.8,Bewitcher Cave,0,0,,0,
111.25,0.050,247,-52,0.0,0.0,Bewitcher Cave,0,0,,0,
111.30,0.051,248,-53,1.4,27.9,Bewitcher Cave,0,0,,0,
111.35,0.050,248,-53,0.0,0.0,Bewitcher Cave,0,0,,0,
111.40,0.051,249,-53,1.0,19.8,Bewitcher Cave,0,0,,0,
111.45,0.050,250,-54,1.4,28.1,Bewitcher Cave,0,0,,0,
111.50,0.050,250,-54,0.0,0.0,Bewitcher Cave,0,0,,0,
111.55,0.051,251,-54,1.0,19.6,Bewitcher Cave,0,0,,0,
111.60,0.051,251,-55,1.0,19.8,Bewitcher Cave,0,0,,0,
111.65,0.051,252,-55,1.0,19.6,Bewitcher Cave,0,0,,0,
111.70,0.050,252,-55,0.0,0.0,Bewitcher Cave,0,0,,0,
111.75,0.050,253,-56,1.4,28.1,Bewitcher Cave,0,0,,0,
111.80,0.051,253,-56,0.0,0.0,Bewitcher Cave,0,0,,0,
111.85,0.051,254,-56,1.0,19.7,Bewitcher Cave,0,0,,0,
111.90,0.051,254,-57,1.0,19.7,Bewitcher Cave,0,0,,0,
111.95,0.050,255,-57,1.0,19.8,Bewitcher Cave,0,0,,0,
112.00,0.050,256,-57,1.0,19.8,Bewitcher Cave,0,0,,0,
112.05,0.050,256,-58,1.0,19.8,Bewitcher Cave,0,0,,0,
112.10,0.050,257,-58,1.0,19.9,Bewitcher Cave,0,0,,0,
112.16,0.050,257,-58,0.0,0.0,Bewitcher Cave,0,0,,0,
112.21,0.050,258,-59,1.4,28.0,Bewitcher Cave,0,0,,0,
112.26,0.051,258,-59,0.0,0.0,Bewitcher Cave,0,0,,0,
112.31,0.050,259,-59,1.0,19.9,Bewitcher Cave,0,0,,0,
112.36,0.051,259,-60,1.0,19.7,Bewitcher Cave,0,0,,0,
112.41,0.050,260,-60,1.0,19.8,Bewitcher Cave,0,0,,0,
112.46,0.051,260,-60,0.0,0.0,Bewitcher Cave,0,0,,0,
112.51,0.050,261,-61,1.4,28.1,Bewitcher Cave,0,0,,0,
112.56,0.050,261,-61,0.0,0.0,Bewitcher Cave,0,0,,0,
112.61,0.051,262,-61,1.0,19.7,Bewitcher Cave,0,0,,0,
112.66,0.051,263,-62,1.4,27.9,Bewitcher Cave,0,0,,0,
112.71,0.051,263,-62,0.0,0.0,Bewitcher Cave,0,0,,0,
112.76,0.050,264,-62,1.0,19.8,Bewitcher Cave,0,0,,0,
112.81,0.051,264,-62,0.0,0.0,Bewitcher Cave,0,0,,0,
112.86,0.050,265,-63,1.4,28.1,Bewitcher Cave,0,0,,0,
112.91,0.050,265,-63,0.0,0.0,Bewitcher Cave,0,0,,0,
112.96,0.051,266,-63,1.0,19.7,Bewitcher Cave,0,0,,0,
113.01,0.051,267,-64,1.4,27.8,Bewitcher Cave,0,0,,0,
113.06,0.051,267,-64,0.0,0.0,Bewitcher Cave,0,0,,0,
113.12,0.051,268,-64,1.0,19.8,Bewitcher Cave,0,0,,0,
113.17,0.050,268,-65,1.0,19.9,Bewitcher Cave,0,0,,0,
113.22,0.050,269,-65,1.0,19.9,Bewitcher Cave,0,0,,0,
113.27,0.051,269,-65,0.0,0.0,Bewitcher Cave,0,0,,0,
113.32,0.051,270,-66,1.4,27.9,Bewitcher Cave,0,0,,0,
113.37,0.051,271,-66,1.0,19.6,Bewitcher Cave,0,0,,0,
113.42,0.051,271,-66,0.0,0.0,Bewitcher Cave,0,0,,0,
113.47,0.050,272,-67,1.4,28.1,Bewitcher Cave,0,0,,0,
113.52,0.051,272,-67,0.0,0.0,Bewitcher Cave,0,0,,0,
113.57,0.051,273,-67,1.0,19.6,Bewitcher Cave,0,0,,0,
113.62,0.050,273,-68,1.0,19.9,Bewitcher Cave,0,0,,0,
113.67,0.050,274,-68,1.0,19.8,Bewitcher Cave,0,0,,0,
113.72,0.051,274,-68,0.0,0.0,Bewitcher Cave,0,0,,0,
113.77,0.050,275,-69,1.4,28.0,Bewitcher Cave,0,0,,0,
113.82,0.050,276,-69,1.0,19.9,Bewitcher Cave,0,0,,0,
113.87,0.051,276,-69,0.0,0.0,Bewitcher Cave,0,0,,0,
113.92,0.051,277,-70,1.4,27.9,Bewitcher Cave,0,0,,0,
113.97,0.051,277,-70,0.0,0.0,Bewitcher Cave,0,0,,0,
114.03,0.051,278,-70,1.0,19.7,Bewitcher Cave,0,0,,0,
114.08,0.050,278,-71,1.0,19.9,Bewitcher Cave,0,0,,0,
114.13,0.051,279,-71,1.0,19.7,Bewitcher Cave,0,0,,0,
114.18,0.050,279,-71,0.0,0.0,Bewitcher Cave,0,0,,0,
114.23,0.050,280,-72,1.4,28.1,Bewitcher Cave,0,0,,0,
114.28,0.050,280,-72,0.0,0.0,Bewitcher Cave,0,0,,0,
114.33,0.051,281,-72,1.0,19.8,Bewitcher Cave,0,0,,0,
114.38,0.051,282,-73,1.4,27.9,Bewitcher Cave,0,0,,0,
114.43,0.051,282,-73,0.0,0.0,Bewitcher Cave,0,0,,0,
114.48,0.051,283,-73,1.0,19.8,Bewitcher Cave,0,0,,0,
114.53,0.050,283,-73,0.0,0.0,Bewitcher Cave,0,0,,0,
114.58,0.051,284,-74,1.4,28.0,Bewitcher Cave,0,0,,0,
114.63,0.051,284,-74,0.0,0.0,Bewitcher Cave,0,0,,0,
114.68,0.050,285,-74,1.0,19.8,Bewitcher Cave,0,0,,0,
114.73,0.050,285,-75,1.0,19.8,Bewitcher Cave,0,0,,0,
114.78,0.051,286,-75,1.0,19.8,Bewitcher Cave,0,0,,0,
114.83,0.050,286,-75,0.0,0.0,Bewitcher Cave,0,0,,0,
114.88,0.050,287,-76,1.4,28.0,Bewitcher Cave,0,0,,0,
114.93,0.051,288,-76,1.0,19.7,Bewitcher Cave,0,0,,0,
114.99,0.051,288,-77,1.0,19.7,Bewitcher Cave,0,0,,0,
115.04,0.050,289,-77,1.0,19.8,Bewitcher Cave,0,0,,0,
115.09,0.051,289,-77,0.0,0.0,Bewitcher Cave,0,0,,0,
115.14,0.050,290,-77,1.0,19.8,Bewitcher Cave,0,0,,0,
115.19,0.050,290,-78,1.0,19.9,Bewitcher Cave,0,0,,0,
115.24,0.051,291,-78,1.0,19.8,Bewitcher Cave,0,0,,0,
115.29,0.050,292,-78,1.0,19.8,Bewitcher Cave,0,0,,0,
115.34,0.050,292,-79,1.0,19.8,Bewitcher Cave,0,0,,0,
115.39,0.051,293,-79,1.0,19.7,Bewitcher Cave,0,0,,0,
115.44,0.051,293,-79,0.0,0.0,Bewitcher Cave,0,0,,0,
115.49,0.051,294,-80,1.4,27.8,Bewitcher Cave,0,0,,0,
115.54,0.051,294,-80,0.0,0.0,Bewitcher Cave,0,0,,0,
115.59,0.050,295,-80,1.0,19.8,Bewitcher Cave,0,0,,0,
115.64,0.051,296,-81,1.4,27.8,Bewitcher Cave,0,0,,0,
115.69,0.050,296,-81,0.0,0.0,Bewitcher Cave,0,0,,0,
115.74,0.050,296,-81,0.0,0.0,Bewitcher Cave,0,0,,0,
115.79,0.050,296,-81,0.0,0.0,Bewitcher Cave,0,0,,0,
115.84,0.051,296,-81,0.0,0.0,Bewitcher Cave,0,0,,0,
115.90,0.051,297,-80,1.4,27.9,Bewitcher Cave,0,0,,0,
115.95,0.051,297,-80,0.0,0.0,Bewitcher Cave,0,0,,0,
116.00,0.051,298,-79,1.4,27.9,Bewitcher Cave,0,0,,0,
116.05,0.051,298,-79,0.0,0.0,Bewitcher Cave,0,0,,0,
116.10,0.050,299,-78,1.4,28.1,Bewitcher Cave,0,0,,0,
116.15,0.051,299,-78,0.0,0.0,Bewitcher Cave,0,0,,0,
116.20,0.050,300,-78,1.0,19.8,Bewitcher Cave,0,0,,0,
116.25,0.051,300,-77,1.0,19.7,Bewitcher Cave,0,0,,0,
116.30,0.051,300,-77,0.0,0.0,Bewitcher Cave,0,0,,0,
116.35,0.051,301,-76,1.4,27.8,Bewitcher Cave,0,0,,0,
116.40,0.050,301,-76,0.0,0.0,Bewitcher Cave,0,0,,0,
116.45,0.051,302,-75,1.4,27.9,Bewitcher Cave,0,0,,0,
116.50,0.050,302,-75,0.0,0.0,Bewitcher Cave,0,0,,0,
116.55,0.051,303,-74,1.4,27.9,Bewitcher Cave,0,0,,0,
116.60,0.051,303,-74,0.0,0.0,Bewitcher Cave,0,0,,0,
116.65,0.050,304,-74,1.0,19.9,Bewitcher Cave,0,0,,0,
116.70,0.051,304,-73,1.0,19.8,Bewitcher Cave,0,0,,0,
116.75,0.050,305,-72,1.4,28.1,Bewitcher Cave,0,0,,0,
116.81,0.050,305,-72,0.0,0.0,Bewitcher Cave,0,0,,0,
116.86,0.051,306,-72,1.0,19.7,Bewitcher Cave,0,0,,0,
116.91,0.050,306,-71,1.0,19.9,Bewitcher Cave,0,0,,0,
116.96,0.051,306,-71,0.0,0.0,Bewitcher Cave,0,0,,0,
117.01,0.051,307,-70,1.4,27.9,Bewitcher Cave,0,0,,0,
117.06,0.050,307,-70,0.0,0.0,Bewitcher Cave,0,0,,0,
117.11,0.051,308,-70,1.0,19.8,Bewitcher Cave,0,0,,0,
117.16,0.051,308,-69,1.0,19.7,Bewitcher Cave,0,0,,0,
117.21,0.050,309,-68,1.4,28.0,Bewitcher Cave,0,0,,0,
117.26,0.051,309,-68,0.0,0.0,Bewitcher Cave,0,0,,0,
117.31,0.051,310,-68,1.0,19.7,Bewitcher Cave,0,0,,0,
117.36,0.051,310,-67,1.0,19.8,Bewitcher Cave,0,0,,0,
117.41,0.051,310,-67,0.0,0.0,Bewitcher Cave,0,0,,0,
117.46,0.050,311,-66,1.4,28.1,Bewitcher Cave,0,0,,0,
117.51,0.051,311,-66,0.0,0.0,Bewitcher Cave,0,0,,0,
117.56,0.051,312,-65,1.4,27.9,Bewitcher Cave,0,0,,0,
117.61,0.051,312,-65,0.0,0.0,Bewitcher Cave,0,0,,0,
117.67,0.051,313,-65,1.0,19.7,Bewitcher Cave,0,0,,0,
117.72,0.051,313,-64,1.0,19.8,Bewitcher Cave,0,0,,0,
117.77,0.050,314,-64,1.0,19.8,Bewitcher Cave,0,0,,0,
117.82,0.050,314,-63,1.0,19.9,Bewitcher Cave,0,0,,0,
117.87,0.050,315,-63,1.0,19.8,Bewitcher Cave,0,0,,0,
117.92,0.050,315,-62,1.0,19.8,Bewitcher Cave,0,0,,0,
117.97,0.051,316,-62,1.0,19.7,Bewitcher Cave,0,0,,0,
118.02,0.051,316,-61,1.0,19.8,Bewitcher Cave,0,0,,0,
118.07,0.050,316,-61,0.0,0.0,Bewitcher Cave,0,0,,0,
118.12,0.051,317,-61,1.0,19.7,Bewitcher Cave,0,0,,0,
118.17,0.051,317,-60,1.0,19.8,Bewitcher Cave,0,0,,0,
118.22,0.051,318,-60,1.0,19.7,Bewitcher Cave,0,0,,0,
118.27,0.051,318,-59,1.0,19.7,Bewitcher Cave,0,0,,0,
118.32,0.050,319,-59,1.0,19.8,Bewitcher Cave,0,0,,0,
118.37,0.050,319,-58,1.0,19.9,Bewitcher Cave,0,0,,0,
118.42,0.050,320,-58,1.0,19.8,Bewitcher Cave,0,0,,0,
118.47,0.051,320,-57,1.0,19.7,Bewitcher Cave,0,0,,0,
118.52,0.051,321,-57,1.0,19.8,Bewitcher Cave,0,0,,0,
118.58,0.051,321,-57,0.0,0.0,Bewitcher Cave,0,0,,0,
118.63,0.051,322,-56,1.4,27.9,Bewitcher Cave,0,0,,0,
118.68,0.051,322,-56,0.0,0.0,Bewitcher Cave,0,0,,0,
118.73,0.052,322,-55,1.0,19.4,Bewitcher Cave,0,0,,0,
118.78,0.050,323,-55,1.0,19.8,Bewitcher Cave,0,0,,0,
118.83,0.051,323,-54,1.0,19.7,Bewitcher Cave,0,0,,0,
118.88,0.050,324,-54,1.0,19.9,Bewitcher Cave,0,0,,0,
118.93,0.051,324,-53,1.0,19.6,Bewitcher Cave,0,0,,0,
118.98,0.051,325,-53,1.0,19.7,Bewitcher Cave,0,0,,0,
119.03,0.051,325,-53,0.0,0.0,Bewitcher Cave,0,0,,0,
119.08,0.051,326,-52,1.4,27.9,Bewitcher Cave,0,0,,0,
119.13,0.050,326,-51,1.0,19.8,Bewitcher Cave,0,0,,0,
119.18,0.050,327,-51,1.0,19.8,Bewitcher Cave,0,0,,0,
119.23,0.051,327,-51,0.0,0.0,Bewitcher Cave,0,0,,0,
119.28,0.050,328,-50,1.4,28.0,Bewitcher Cave,0,0,,0,
119.34,0.051,328,-50,0.0,0.0,Bewitcher Cave,0,0,,0,
119.39,0.050,328,-49,1.0,19.9,Bewitcher Cave,0,0,,0,
119.44,0.051,329,-49,1.0,19.8,Bewitcher Cave,0,0,,0,
119.49,0.051,329,-48,1.0,19.8,Bewitcher Cave,0,0,,0,
119.54,0.051,330,-48,1.0,19.8,Bewitcher Cave,0,0,,0,
119.59,0.051,330,-47,1.0,19.8,Bewitcher Cave,0,0,,0,
119.64,0.051,331,-47,1.0,19.7,Bewitcher Cave,0,0,,0,
119.69,0.050,331,-47,0.0,0.0,Bewitcher Cave,0,0,,0,
119.74,0.051,332,-46,1.4,27.9,Bewitcher Cave,0,0,,0,
119.79,0.051,332,-46,0.0,0.0,Bewitcher Cave,0,0,,0,
119.84,0.051,333,-45,1.4,27.7,Bewitcher Cave,0,0,,0,
119.89,0.051,333,-45,0.0,0.0,Bewitcher Cave,0,0,,0,
119.94,0.050,334,-44,1.4,28.1,Bewitcher Cave,0,0,,0,
119.99,0.050,334,-44,0.0,0.0,Bewitcher Cave,0,0,,0,
120.04,0.051,334,-43,1.0,19.6,Bewitcher Cave,0,0,,0,
120.09,0.050,335,-43,1.0,19.9,Bewitcher Cave,0,0,,0,
120.14,0.051,335,-43,0.0,0.0,Bewitcher Cave,0,0,,0,
120.20,0.051,336,-42,1.4,27.9,Bewitcher Cave,0,0,,0,
120.25,0.051,336,-42,0.0,0.0,Bewitcher Cave,0,0,,0,
120.30,0.051,337,-41,1.4,27.9,Bewitcher Cave,0,0,,0,
120.35,0.051,337,-41,0.0,0.0,Skull Tomb,0,0,,0,
120.40,0.050,338,-40,1.4,28.1,Skull Tomb,0,0,,0,
120.45,0.051,338,-40,0.0,0.0,Skull Tomb,0,0,,0,
120.50,0.050,339,-39,1.4,28.1,Skull Tomb,0,0,,0,
120.55,0.051,339,-39,0.0,0.0,Skull Tomb,0,0,,0,
120.60,0.051,339,-38,1.0,19.8,Skull Tomb,0,0,,0,
120.65,0.050,340,-38,1.0,19.9,Skull Tomb,0,0,,0,
120.70,0.050,340,-38,0.0,0.0,Skull Tomb,0,0,,0,
120.75,0.050,341,-37,1.4,28.0,Skull Tomb,0,0,,0,
120.80,0.051,341,-37,0.0,0.0,Skull Tomb,0,0,,0,
120.85,0.051,342,-36,1.4,27.9,Skull Tomb,0,0,,0,
120.90,0.050,342,-36,0.0,0.0,Skull Tomb,0,0,,0,
120.95,0.051,343,-35,1.4,28.0,Skull Tomb,0,0,,0,
121.00,0.051,343,-35,0.0,0.0,Skull Tomb,0,0,,0,
121.06,0.051,343,-35,0.0,0.0,Skull Tomb,0,0,,0,
121.11,0.050,343,-35,0.0,0.0,Skull Tomb,0,0,,0,
121.16,0.051,343,-35,0.0,0.0,Skull Tomb,0,0,,0,
121.21,0.050,343,-34,1.0,19.8,Skull Tomb,0,0,,0,
121.26,0.051,343,-33,1.0,19.8,Skull Tomb,0,0,,0,
121.31,0.050,343,-33,0.0,0.0,Skull Tomb,0,0,,0,
121.36,0.050,344,-32,1.4,28.1,Skull Tomb,0,0,,0,
121.41,0.051,344,-31,1.0,19.8,Skull Tomb,0,0,,0,
121.46,0.051,344,-31,0.0,0.0,Skull Tomb,0,0,,0,
121.51,0.050,344,-30,1.0,19.8,Skull Tomb,0,0,,0,
121.56,0.050,344,-29,1.0,19.9,Skull Tomb,0,0,,0,
121.61,0.051,344,-29,0.0,0.0,Skull Tomb,0,0,,0,
121.66,0.050,344,-28,1.0,19.9,Skull Tomb,0,0,,0,
121.71,0.050,344,-27,1.0,19.9,Skull Tomb,0,0,,0,
121.76,0.050,344,-27,0.0,0.0,Skull Tomb,0,0,,0,
121.81,0.051,344,-26,1.0,19.6,Skull Tomb,0,0,,0,
121.86,0.051,345,-26,1.0,19.8,Skull Tomb,0,0,,0,
121.91,0.050,345,-25,1.0,19.9,Skull Tomb,0,0,,0,
121.96,0.050,345,-24,1.0,19.8,Skull Tomb,0,0,,0,
122.01,0.050,345,-24,0.0,0.0,Skull Tomb,0,0,,0,
122.06,0.050,345,-23,1.0,19.8,Skull Tomb,0,0,,0,
122.12,0.051,345,-23,0.0,0.0,Skull Tomb,0,0,,0,
122.17,0.051,345,-22,1.0,19.8,Skull Tomb,0,0,,0,
122.22,0.050,345,-21,1.0,19.8,Skull Tomb,0,0,,0,
122.27,0.051,345,-21,0.0,0.0,Skull Tomb,0,0,,0,
122.32,0.050,346,-20,1.4,28.1,Skull Tomb,0,0,,0,
122.37,0.051,346,-19,1.0,19.8,Skull Tomb,0,0,,0,
122.42,0.050,346,-19,0.0,0.0,Skull Tomb,0,0,,0,
122.47,0.051,346,-18,1.0,19.7,Skull Tomb,0,0,,0,
122.52,0.050,346,-17,1.0,19.8,Skull Tomb,0,0,,0,
122.57,0.051,346,-17,0.0,0.0,Skull Tomb,0,0,,0,
122.62,0.051,346,-16,1.0,19.8,Skull Tomb,0,0,,0,
122.67,0.050,346,-15,1.0,19.9,Skull Tomb,0,0,,0,
122.72,0.051,346,-15,0.0,0.0,Skull Tomb,0,0,,0,
122.77,0.051,347,-14,1.4,27.9,Skull Tomb,0,0,,0,
122.82,0.051,347,-13,1.0,19.7,Skull Tomb,0,0,,0,
122.87,0.051,347,-13,0.0,0.0,Skull Tomb,0,0,,0,
122.92,0.051,347,-12,1.0,19.8,Skull Tomb,0,0,,0,
122.97,0.051,347,-12,0.0,0.0,Skull Tomb,0,0,,0,
123.03,0.051,347,-11,1.0,19.7,Skull Tomb,0,0,,0,
123.08,0.050,347,-11,0.0,0.0,Skull Tomb,0,0,,0,
123.13,0.051,347,-10,1.0,19.7,Skull Tomb,0,0,,0,
123.18,0.051,347,-9,1.0,19.8,Skull Tomb,0,0,,0,
123.23,0.050,348,-9,1.0,19.9,Skull Tomb,0,0,,0,
123.28,0.050,348,-8,1.0,19.8,Skull Tomb,0,0,,0,
123.33,0.051,348,-7,1.0,19.6,Skull Tomb,0,0,,0,
123.38,0.051,348,-7,0.0,0.0,Skull Tomb,0,0,,0,
123.43,0.051,348,-6,1.0,19.7,Skull Tomb,0,0,,0,
123.48,0.050,348,-5,1.0,19.8,Skull Tomb,0,0,,0,
123.53,0.051,348,-5,0.0,0.0,Skull Tomb,0,0,,0,
123.58,0.051,348,-4,1.0,19.8,Skull Tomb,0,0,,0,
123.63,0.050,348,-3,1.0,19.8,Skull Tomb,0,0,,0,
123.68,0.051,349,-3,1.0,19.8,Skull Tomb,0,0,,0,
123.73,0.051,349,-2,1.0,19.8,Skull Tomb,0,0,,0,
123.78,0.051,349,-2,0.0,0.0,Skull Tomb,0,0,,0,
123.83,0.050,349,-1,1.0,19.9,Skull Tomb,0,0,,0,
123.89,0.051,349,0,1.0,19.6,Skull Tomb,0,0,,0,
123.94,0.050,349,0,0.0,0.0,Skull Tomb,0,0,,0,
123.99,0.050,349,1,1.0,19.8,Skull Tomb,0,0,,0,
124.04,0.050,349,2,1.0,19.9,Skull Tomb,0,0,,0,
124.09,0.050,349,2,0.0,0.0,Skull Tomb,0,0,,0,
124.14,0.051,350,3,1.4,28.0,Skull Tomb,0,0,,0,
124.19,0.051,350,4,1.0,19.7,Skull Tomb,0,0,,0,
124.24,0.051,350,4,0.0,0.0,Skull Tomb,0,0,,0,
124.29,0.050,350,5,1.0,19.9,Skull Tomb,0,0,,0,
124.34,0.050,350,5,0.0,0.0,Skull Tomb,0,0,,0,
124.39,0.051,350,6,1.0,19.8,Skull Tomb,0,0,,0,
124.44,0.051,350,7,1.0,19.7,Skull Tomb,0,0,,0,
124.49,0.050,350,7,0.0,0.0,Skull Tomb,0,0,,0,
124.54,0.050,350,8,1.0,19.9,Skull Tomb,0,0,,0,
124.59,0.051,351,9,1.4,27.9,Skull Tomb,0,0,,0,
124.64,0.050,351,9,0.0,0.0,Skull Tomb,0,0,,0,
124.69,0.050,351,10,1.0,19.8,Skull Tomb,0,0,,0,
124.74,0.050,351,11,1.0,19.8,Skull Tomb,0,0,,0,
124.79,0.050,351,11,0.0,0.0,Skull Tomb,0,0,,0,
124.85,0.051,351,12,1.0,19.7,Skull Tomb,0,0,,0,
124.90,0.051,351,12,0.0,0.0,Skull Tomb,0,0,,0,
124.95,0.050,351,13,1.0,19.9,Skull Tomb,0,0,,0,
125.00,0.050,351,13,0.0,0.0,Skull Tomb,0,0,,0,
125.05,0.051,352,14,1.4,27.9,Skull Tomb,0,0,,0,
125.10,0.050,352,15,1.0,19.9,Skull Tomb,0,0,,0,
125.15,0.051,352,15,0.0,0.0,Skull Tomb,0,0,,0,
125.20,0.051,352,16,1.0,19.7,Skull Tomb,0,0,,0,
125.25,0.050,352,17,1.0,19.8,Skull Tomb,0,0,,0,
125.30,0.051,352,17,0.0,0.0,Skull Tomb,0,0,,0,
125.35,0.050,351,18,1.4,28.1,Bewitcher Cave,0,0,,0,
125.40,0.051,351,18,0.0,0.0,Bewitcher Cave,0,0,,0,
125.45,0.051,350,18,1.0,19.7,Bewitcher Cave,0,0,,0,
125.50,0.050,350,19,1.0,19.9,Bewitcher Cave,0,0,,0,
125.55,0.051,350,19,0.0,0.0,Bewitcher Cave,0,0,,0,
125.60,0.051,349,20,1.4,28.0,Bewitcher Cave,0,0,,0,
125.65,0.050,349,20,0.0,0.0,Bewitcher Cave,0,0,,0,
125.70,0.051,348,21,1.4,27.9,Bewitcher Cave,0,0,,0,
125.75,0.051,348,21,0.0,0.0,Bewitcher Cave,0,0,,0,
125.81,0.051,347,21,1.0,19.7,Bewitcher Cave,0,0,,0,
125.86,0.050,347,22,1.0,19.8,Bewitcher Cave,0,0,,0,
125.91,0.051,346,22,1.0,19.8,Bewitcher Cave,0,0,,0,
125.96,0.050,346,23,1.0,19.9,Bewitcher Cave,0,0,,0,
126.01,0.051,345,23,1.0,19.8,Bewitcher Cave,0,0,,0,
126.06,0.050,345,24,1.0,19.9,Bewitcher Cave,0,0,,0,
126.11,0.051,344,24,1.0,19.7,Bewitcher Cave,0,0,,0,
126.16,0.050,344,24,0.0,0.0,Bewitcher Cave,0,0,,0,
126.21,0.051,343,25,1.4,28.0,Bewitcher Cave,0,0,,0,
126.26,0.050,343,25,0.0,0.0,Bewitcher Cave,0,0,,0,
126.31,0.050,342,26,1.4,28.1,Bewitcher Cave,0,0,,0,
126.36,0.051,342,26,0.0,0.0,Bewitcher Cave,0,0,,0,
126.41,0.051,341,26,1.0,19.8,Bewitcher Cave,0,0,,0,
126.46,0.051,341,27,1.0,19.7,Bewitcher Cave,0,0,,0,
126.51,0.050,340,27,1.0,19.9,Bewitcher Cave,0,0,,0,
126.56,0.050,340,28,1.0,19.8,Bewitcher Cave,0,0,,0,
126.61,0.051,340,28,0.0,0.0,Bewitcher Cave,0,0,,0,
126.66,0.051,339,29,1.4,27.9,Bewitcher Cave,0,0,,0,
126.72,0.051,339,29,0.0,0.0,Bewitcher Cave,0,0,,0,
126.77,0.051,338,29,1.0,19.6,Bewitcher Cave,0,0,,0,
126.82,0.051,338,30,1.0,19.7,Bewitcher Cave,0,0,,0,
126.87,0.051,337,30,1.0,19.7,Bewitcher Cave,0,0,,0,
126.92,0.050,337,31,1.0,19.8,Bewitcher Cave,0,0,,0,
126.97,0.050,336,31,1.0,19.9,Bewitcher Cave,0,0,,0,
127.02,0.050,336,32,1.0,19.9,Bewitcher Cave,0,0,,0,
127.07,0.051,335,32,1.0,19.8,Bewitcher Cave,0,0,,0,
127.12,0.050,335,32,0.0,0.0,Bewitcher Cave,0,0,,0,
127.17,0.051,334,33,1.4,28.0,Bewitcher Cave,0,0,,0,
127.22,0.051,334,33,0.0,0.0,Bewitcher Cave,0,0,,0,
127.27,0.050,333,34,1.4,28.1,Bewitcher Cave,0,0,,0,
127.32,0.050,333,34,0.0,0.0,Bewitcher Cave,0,0,,0,
127.37,0.050,332,35,1.4,28.0,Bewitcher Cave,0,0,,0,
127.42,0.051,332,35,0.0,0.0,Bewitcher Cave,0,0,,0,
127.47,0.051,331,35,1.0,19.8,Bewitcher Cave,0,0,,0,
127.52,0.051,331,36,1.0,19.8,Bewitcher Cave,0,0,,0,
127.57,0.050,330,36,1.0,19.8,Bewitcher Cave,0,0,,0,
127.62,0.051,330,37,1.0,19.7,Bewitcher Cave,0,0,,0,
127.68,0.050,329,37,1.0,19.8,Bewitcher Cave,0,0,,0,
127.73,0.051,329,38,1.0,19.7,Bewitcher Cave,0,0,,0,
127.78,0.051,328,38,1.0,19.7,Bewitcher Cave,0,0,,0,
127.83,0.051,328,38,0.0,0.0,Bewitcher Cave,0,0,,0,
127.88,0.051,328,39,1.0,19.6,Bewitcher Cave,0,0,,0,
127.93,0.051,327,39,1.0,19.7,Bewitcher Cave,0,0,,0,
127.98,0.051,327,40,1.0,19.8,Bewitcher Cave,0,0,,0,
128.03,0.051,326,40,1.0,19.7,Bewitcher Cave,0,0,,0,
128.08,0.051,326,41,1.0,19.7,Bewitcher Cave,0,0,,0,
128.13,0.050,325,41,1.0,19.8,Bewitcher Cave,0,0,,0,
128.18,0.050,325,41,0.0,0.0,Bewitcher Cave,0,0,,0,
128.23,0.050,324,42,1.4,28.1,Bewitcher Cave,0,0,,0,
128.28,0.051,324,42,0.0,0.0,Bewitcher Cave,0,0,,0,
128.33,0.050,324,42,0.0,0.0,Bewitcher Cave,0,0,,0,
128.38,0.050,323,42,1.0,19.9,Bewitcher Cave,0,0,,0,
128.43,0.051,323,42,0.0,0.0,Bewitcher Cave,0,0,,0,
128.49,0.051,322,42,1.0,19.8,Bewitcher Cave,0,0,,0,
128.54,0.051,321,42,1.0,19.7,Bewitcher Cave,0,0,,0,
128.59,0.051,321,42,0.0,0.0,Bewitcher Cave,0,0,,0,
128.64,0.050,320,42,1.0,19.8,Bewitcher Cave,0,0,,0,
128.69,0.051,319,43,1.4,27.7,Bewitcher Cave,0,0,,0,
128.74,0.050,319,43,0.0,0.0,Bewitcher Cave,0,0,,0,
128.79,0.051,318,43,1.0,19.7,Bewitcher Cave,0,0,,0,
128.84,0.050,317,43,1.0,19.8,Bewitcher Cave,0,0,,0,
128.89,0.050,317,43,0.0,0.0,Bewitcher Cave,0,0,,0,
128.94,0.051,316,43,1.0,19.7,Bewitcher Cave,0,0,,0,
128.99,0.050,316,43,0.0,0.0,Bewitcher Cave,0,0,,0,
129.04,0.051,315,43,1.0,19.6,Bewitcher Cave,0,0,,0,
129.09,0.050,314,43,1.0,19.8,Bewitcher Cave,0,0,,0,
129.14,0.051,314,43,0.0,0.0,Bewitcher Cave,0,0,,0,
129.19,0.050,313,43,1.0,19.8,Bewitcher Cave,0,0,,0,
129.24,0.051,312,43,1.0,19.8,Bewitcher Cave,0,0,,0,
129.30,0.051,312,43,0.0,0.0,Bewitcher Cave,0,0,,0,
129.35,0.050,311,43,1.0,19.9,Bewitcher Cave,0,0,,0,
129.40,0.051,310,44,1.4,28.0,Bewitcher Cave,0,0,,0,
129.45,0.051,310,44,0.0,0.0,Bewitcher Cave,0,0,,0,
129.50,0.050,309,44,1.0,19.9,Bewitcher Cave,0,0,,0,
129.55,0.051,309,44,0.0,0.0,Bewitcher Cave,0,0,,0,
129.60,0.050,308,44,1.0,19.9,Bewitcher Cave,0,0,,0,
129.65,0.050,307,44,1.0,19.8,Bewitcher Cave,0,0,,0,
129.70,0.051,307,44,0.0,0.0,Bewitcher Cave,0,0,,0,
129.75,0.050,306,44,1.0,19.8,Bewitcher Cave,0,0,,0,
129.80,0.051,305,44,1.0,19.8,Bewitcher Cave,0,0,,0,
129.85,0.051,305,44,0.0,0.0,Bewitcher Cave,0,0,,0,
129.90,0.051,304,44,1.0,19.7,Bewitcher Cave,0,0,,0,
129.95,0.050,303,44,1.0,19.8,Bewitcher Cave,0,0,,0,
130.00,0.050,303,44,0.0,0.0,Bewitcher Cave,0,0,,0,
130.05,0.050,302,44,1.0,19.8,Bewitcher Cave,0,0,,0,
130.10,0.051,301,45,1.4,27.9,Bewitcher Cave,0,0,,0,
130.15,0.050,301,45,0.0,0.0,Bewitcher Cave,0,0,,0,
130.20,0.051,300,45,1.0,19.8,Bewitcher Cave,0,0,,0,
130.25,0.050,299,45,1.0,19.8,Bewitcher Cave,0,0,,0,
130.31,0.050,299,45,0.0,0.0,Bewitcher Cave,0,0,,0,
130.36,0.051,298,45,1.0,19.8,Bewitcher Cave,0,0,,0,
130.41,0.051,298,45,0.0,0.0,Bewitcher Cave,0,0,,0,
130.46,0.051,297,45,1.0,19.8,Bewitcher Cave,0,0,,0,
130.51,0.050,297,45,0.0,0.0,Bewitcher Cave,0,0,,0,
130.56,0.050,296,45,1.0,19.8,Bewitcher Cave,0,0,,0,
130.61,0.050,295,45,1.0,19.9,Bewitcher Cave,0,0,,0,
130.66,0.050,295,45,0.0,0.0,Bewitcher Cave,0,0,,0,
130.71,0.051,294,45,1.0,19.7,Bewitcher Cave,0,0,,0,
130.76,0.050,293,45,1.0,19.8,Bewitcher Cave,0,0,,0,
130.81,0.051,293,45,0.0,0.0,Bewitcher Cave,0,0,,0,
130.86,0.051,292,46,1.4,28.0,Bewitcher Cave,0,0,,0,
130.91,0.050,291,46,1.0,19.8,Bewitcher Cave,0,0,,0,
130.96,0.050,291,46,0.0,0.0,Bewitcher Cave,0,0,,0,
131.01,0.051,290,46,1.0,19.7,Bewitcher Cave,0,0,,0,
131.06,0.050,290,46,0.0,0.0,Bewitcher Cave,0,0,,0,
131.11,0.050,289,46,1.0,19.9,Bewitcher Cave,0,0,,0,
131.16,0.050,288,46,1.0,19.9,Bewitcher Cave,0,0,,0,
131.21,0.051,288,46,0.0,0.0,Bewitcher Cave,0,0,,0,
131.26,0.050,287,46,1.0,19.8,Bewitcher Cave,0,0,,0,
131.31,0.050,286,46,1.0,19.9,Bewitcher Cave,0,0,,0,
131.37,0.051,286,46,0.0,0.0,Bewitcher Cave,0,0,,0,
131.42,0.051,285,46,1.0,19.7,Bewitcher Cave,0,0,,0,
131.47,0.050,284,46,1.0,19.8,Bewitcher Cave,0,0,,0,
131.52,0.050,284,46,0.0,0.0,Bewitcher Cave,0,0,,0,
131.57,0.051,283,47,1.4,27.8,Bewitcher Cave,0,0,,0,
131.62,0.051,282,47,1.0,19.7,Bewitcher Cave,0,0,,0,
131.67,0.050,282,47,0.0,0.0,Bewitcher Cave,0,0,,0,
131.72,0.050,281,47,1.0,19.8,Bewitcher Cave,0,0,,0,
131.77,0.051,280,47,1.0,19.7,Bewitcher Cave,0,0,,0,
131.82,0.050,280,47,0.0,0.0,Bewitcher Cave,0,0,,0,
131.87,0.051,279,47,1.0,19.7,Bewitcher Cave,0,0,,0,
131.92,0.051,279,47,0.0,0.0,Bewitcher Cave,0,0,,0,
131.97,0.050,278,47,1.0,19.8,Bewitcher Cave,0,0,,0,
132.02,0.050,277,47,1.0,19.9,Bewitcher Cave,0,0,,0,
132.07,0.051,277,47,0.0,0.0,Bewitcher Cave,0,0,,0,
132.12,0.050,276,47,1.0,19.8,Bewitcher Cave,0,0,,0,
132.17,0.050,275,47,1.0,19.9,Bewitcher Cave,0,0,,0,
132.23,0.051,275,47,0.0,0.0,Bewitcher Cave,0,0,,0,
132.28,0.051,274,48,1.4,27.9,Bewitcher Cave,0,0,,0,
132.33,0.051,274,48,0.0,0.0,Bewitcher Cave,0,0,,0,
132.38,0.050,273,48,1.0,19.9,Secret Altar,0,0,,0,
132.43,0.051,272,48,1.0,19.8,Secret Altar,0,0,,0,
132.48,0.051,272,48,0.0,0.0,Secret Altar,0,0,,0,
132.53,0.051,271,48,1.0,19.6,Secret Altar,0,0,,0,
132.58,0.050,270,48,1.0,19.8,Secret Altar,0,0,,0,
132.63,0.051,270,48,0.0,0.0,Secret Altar,0,0,,0,
132.68,0.051,269,48,1.0,19.7,Secret Altar,0,0,,0,
132.73,0.051,268,48,1.0,19.8,Secret Altar,0,0,,0,
132.78,0.051,268,48,0.0,0.0,Secret Altar,0,0,,0,
132.83,0.050,267,48,1.0,19.8,Secret Altar,0,0,,0,
132.88,0.051,266,48,1.0,19.8,Secret Altar,0,0,,0,
132.93,0.050,266,48,0.0,0.0,Secret Altar,0,0,,0,
132.98,0.051,265,49,1.4,27.9,Secret Altar,0,0,,0,
133.03,0.050,265,49,0.0,0.0,Secret Altar,0,0,,0,
133.09,0.051,264,49,1.0,19.7,Secret Altar,0,0,,0,
133.14,0.051,263,49,1.0,19.7,Secret Altar,0,0,,0,
133.19,0.050,263,49,0.0,0.0,Secret Altar,0,0,,0,
133.24,0.050,262,49,1.0,19.9,Secret Altar,0,0,,0,
133.29,0.051,262,49,0.0,0.0,Secret Altar,0,0,,0,
133.34,0.051,261,49,1.0,19.7,Secret Altar,0,0,,0,
133.39,0.051,261,49,0.0,0.0,Secret Altar,0,0,,0,
133.44,0.051,261,50,1.0,19.7,Secret Altar,0,0,,0,
133.49,0.050,261,50,0.0,0.0,Secret Altar,0,0,,0,
133.54,0.051,261,51,1.0,19.6,Secret Altar,0,0,,0,
133.59,0.050,261,52,1.0,19.8,Secret Altar,0,0,,0,
133.64,0.051,260,52,1.0,19.8,Secret Altar,0,0,,0,
133.69,0.050,260,53,1.0,19.8,Secret Altar,0,0,,0,
133.74,0.051,260,53,0.0,0.0,Secret Altar,0,0,,0,
133.79,0.050,260,54,1.0,19.9,Secret Altar,0,0,,0,
133.84,0.051,260,55,1.0,19.8,Secret Altar,0,0,,0,
133.89,0.051,260,55,0.0,0.0,Secret Altar,0,0,,0,
133.94,0.051,260,56,1.0,19.8,Secret Altar,0,0,,0,
134.00,0.051,260,56,0.0,0.0,Secret Altar,0,0,,0,
134.05,0.050,260,57,1.0,19.9,Secret Altar,0,0,,0,
134.10,0.051,259,58,1.4,27.8,Secret Altar,0,0,,0,
134.15,0.051,259,58,0.0,0.0,Secret Altar,0,0,,0,
134.20,0.051,259,59,1.0,19.6,Secret Altar,0,0,,0,
134.25,0.051,259,59,0.0,0.0,Secret Altar,0,0,,0,
134.30,0.050,259,60,1.0,19.8,Secret Altar,0,0,,0,
134.35,0.050,259,61,1.0,19.9,Secret Altar,0,0,,0,
134.40,0.051,259,62,1.0,19.7,Secret Altar,0,0,,0,
134.45,0.050,259,62,0.0,0.0,Secret Altar,0,0,,0,
134.50,0.051,259,63,1.0,19.7,Secret Altar,0,0,,0,
134.55,0.050,258,64,1.4,28.1,Secret Altar,0,0,,0,
134.60,0.051,258,64,0.0,0.0,Secret Altar,0,0,,0,
134.65,0.051,258,65,1.0,19.7,Secret Altar,0,0,,0,
134.70,0.051,258,65,0.0,0.0,Secret Altar,0,0,,0,
134.75,0.050,258,66,1.0,19.8,Secret Altar,0,0,,0,
134.81,0.051,258,67,1.0,19.7,Secret Altar,0,0,,0,
134.86,0.051,258,67,0.0,0.0,Secret Altar,0,0,,0,
134.91,0.050,258,68,1.0,19.9,Secret Altar,0,0,,0,
134.96,0.051,258,68,0.0,0.0,Secret Altar,0,0,,0,
135.01,0.050,258,69,1.0,19.8,Secret Altar,0,0,,0,
135.06,0.050,257,70,1.4,28.1,Secret Altar,0,0,,0,
135.11,0.051,257,70,0.0,0.0,Secret Altar,0,0,,0,
135.16,0.050,257,71,1.0,19.9,Secret Altar,0,0,,0,
135.21,0.050,257,71,0.0,0.0,Secret Altar,0,0,,0,
135.26,0.050,257,72,1.0,19.8,Secret Altar,0,0,,0,
135.31,0.050,257,72,0.0,0.0,Secret Altar,0,0,,0,
135.36,0.051,257,73,1.0,19.8,Secret Altar,0,0,,0,
135.41,0.051,257,73,0.0,0.0,Secret Altar,0,0,,0,
135.46,0.051,257,74,1.0,19.8,Secret Altar,0,0,,0,
135.51,0.051,257,74,0.0,0.0,Secret Altar,0,0,,0,
135.56,0.050,257,75,1.0,19.9,Secret Altar,0,0,,0,
135.61,0.051,256,75,1.0,19.8,Secret Altar,0,0,,0,
135.66,0.051,256,76,1.0,19.8,Secret Altar,0,0,,0,
135.71,0.051,256,76,0.0,0.0,Secret Altar,0,0,,0,
135.76,0.051,256,77,1.0,19.8,Secret Altar,0,0,,0,
135.82,0.051,256,77,0.0,0.0,Secret Altar,0,0,,0,
135.87,0.050,256,78,1.0,19.9,Secret Altar,0,0,,0,
135.92,0.051,256,78,0.0,0.0,Secret Altar,0,0,,0,
135.97,0.051,256,78,0.0,0.0,Secret Altar,0,0,,0,
136.02,0.050,256,78,0.0,0.0,Secret Altar,0,0,,0,
136.07,0.050,255,78,1.0,19.8,Secret Altar,0,0,,0,
136.12,0.051,255,78,0.0,0.0,Secret Altar,0,0,,0,
136.17,0.051,254,78,1.0,19.7,Secret Altar,0,0,,0,
136.22,0.051,254,78,0.0,0.0,Secret Altar,0,0,,0,
136.27,0.050,253,78,1.0,19.8,Secret Altar,0,0,,0,
136.32,0.051,252,78,1.0,19.8,Secret Altar,0,0,,0,
136.37,0.050,252,78,0.0,0.0,Secret Altar,0,0,,0,
136.42,0.051,251,78,1.0,19.7,Secret Altar,0,0,,0,
136.47,0.051,251,78,0.0,0.0,Secret Altar,0,0,,0,
136.52,0.051,250,78,1.0,19.7,Secret Altar,0,0,,0,
136.57,0.051,250,78,0.0,0.0,Secret Altar,0,0,,0,
136.62,0.051,249,78,1.0,19.8,Secret Altar,0,0,,0,
136.68,0.051,249,78,0.0,0.0,Secret Altar,0,0,,0,
136.73,0.050,248,78,1.0,19.8,Secret Altar,0,0,,0,
136.78,0.051,248,78,0.0,0.0,Secret Altar,0,0,,0,
136.83,0.051,247,78,1.0,19.7,Secret Altar,0,0,,0,
136.88,0.051,247,78,0.0,0.0,Secret Altar,0,0,,0,
136.93,0.051,246,78,1.0,19.8,Secret Altar,0,0,,0,
136.98,0.051,246,78,0.0,0.0,Secret Altar,0,0,,0,
137.03,0.051,245,78,1.0,19.8,Secret Altar,0,0,,0,
137.08,0.050,245,78,0.0,0.0,Secret Altar,0,0,,0,
137.13,0.050,244,78,1.0,19.9,Secret Altar,0,0,,0,
137.18,0.050,244,78,0.0,0.0,Secret Altar,0,0,,0,
137.23,0.051,243,78,1.0,19.8,Secret Altar,0,0,,0,
137.28,0.050,243,78,0.0,0.0,Secret Altar,0,0,,0,
137.33,0.050,242,78,1.0,19.9,Secret Altar,0,0,,0,
137.38,0.050,242,78,0.0,0.0,Secret Altar,0,0,,0,
137.43,0.051,241,78,1.0,19.7,Secret Altar,0,0,,0,
137.48,0.050,241,78,0.0,0.0,Secret Altar,0,0,,0,
137.53,0.050,240,78,1.0,19.8,Secret Altar,0,0,,0,
137.58,0.051,240,78,0.0,0.0,Secret Altar,0,0,,0,
137.63,0.050,239,78,1.0,19.9,Secret Altar,0,0,,0,
137.68,0.050,239,78,0.0,0.0,Secret Altar,0,0,,0,
137.74,0.051,238,78,1.0,19.8,Secret Altar,0,0,,0,
137.79,0.050,238,78,0.0,0.0,Secret Altar,0,0,,0,
137.84,0.051,237,78,1.0,19.8,Secret Altar,0,0,,0,
137.89,0.050,236,78,1.0,19.8,Secret Altar,0,0,,0,
137.94,0.051,236,78,0.0,0.0,Secret Altar,0,0,,0,
137.99,0.051,235,78,1.0,19.7,Secret Altar,0,0,,0,
138.04,0.051,235,78,0.0,0.0,Secret Altar,0,0,,0,
138.09,0.051,234,78,1.0,19.8,Secret Altar,0,0,,0,
138.14,0.051,234,78,0.0,0.0,Secret Altar,0,0,,0,
138.19,0.051,233,78,1.0,19.5,Secret Altar,0,0,,0,
138.24,0.051,233,78,0.0,0.0,Secret Altar,0,0,,0,
138.29,0.051,233,78,0.0,0.0,Secret Altar,0,0,,0,
138.34,0.050,232,78,1.0,19.8,Secret Altar,0,0,,0,
138.39,0.050,231,78,1.0,19.8,Secret Altar,0,0,,0,
138.44,0.051,231,78,0.0,0.0,Secret Altar,0,0,,0,
138.49,0.051,230,78,1.0,19.8,Secret Altar,0,0,,0,
138.55,0.051,230,78,0.0,0.0,Secret Altar,0,0,,0,
138.60,0.050,229,78,1.0,19.9,Secret Altar,0,0,,0,
138.65,0.051,229,78,0.0,0.0,Secret Altar,0,0,,0,
138.70,0.051,228,78,1.0,19.7,Secret Altar,0,0,,0,
138.75,0.051,228,78,0.0,0.0,Secret Altar,0,0,,0,
138.80,0.050,227,78,1.0,19.8,Secret Altar,0,0,,0,
138.85,0.051,227,78,0.0,0.0,Secret Altar,0,0,,0,
138.90,0.050,226,78,1.0,19.9,Secret Altar,0,0,,0,
138.95,0.051,226,78,0.0,0.0,Secret Altar,0,0,,0,
139.00,0.051,225,78,1.0,19.8,Secret Altar,0,0,,0,
139.05,0.050,225,78,0.0,0.0,Secret Altar,0,0,,0,
139.10,0.051,224,79,1.4,27.9,Secret Altar,0,0,,0,
139.15,0.051,223,79,1.0,19.7,Secret Altar,0,0,,0,
139.20,0.051,223,79,0.0,0.0,Secret Altar,0,0,,0,
139.25,0.050,222,79,1.0,19.8,Secret Altar,0,0,,0,
139.30,0.051,221,79,1.0,19.5,Secret Altar,0,0,,0,
139.36,0.050,221,79,0.0,0.0,Secret Altar,0,0,,0,
139.41,0.050,220,79,1.0,19.9,Secret Altar,0,0,,0,
139.46,0.051,219,79,1.0,19.8,Secret Altar,0,0,,0,
139.51,0.050,219,79,0.0,0.0,Secret Altar,0,0,,0,
139.56,0.051,218,79,1.0,19.8,Secret Altar,0,0,,0,
139.61,0.051,218,79,0.0,0.0,Secret Altar,0,0,,0,
139.66,0.051,217,79,1.0,19.8,Secret Altar,0,0,,0,
139.71,0.051,216,79,1.0,19.8,Secret Altar,0,0,,0,
139.76,0.050,216,79,0.0,0.0,Secret Altar,0,0,,0,
139.81,0.050,215,79,1.0,19.8,Secret Altar,0,0,,0,
139.86,0.051,214,79,1.0,19.6,Secret Altar,0,0,,0,
139.91,0.051,214,79,0.0,0.0,Secret Altar,0,0,,0,
139.96,0.051,213,79,1.0,19.7,Secret Altar,0,0,,0,
140.01,0.051,213,79,0.0,0.0,Secret Altar,0,0,,0,
140.06,0.051,212,79,1.0,19.7,Secret Altar,0,0,,0,
140.11,0.051,211,79,1.0,19.6,Secret Altar,0,0,,0,
140.16,0.050,210,79,1.0,19.9,Secret Altar,0,0,,0,
140.22,0.051,210,79,0.0,0.0,Secret Altar,0,0,,0,
140.27,0.050,209,79,1.0,19.8,Secret Altar,0,0,,0,
140.32,0.051,208,79,1.0,19.7,Secret Altar,0,0,,0,
140.37,0.051,208,79,0.0,0.0,Secret Altar,0,0,,0,
140.42,0.051,207,79,1.0,19.8,Secret Altar,0,0,,0,
140.47,0.051,207,79,0.0,0.0,Secret Altar,0,0,,0,
140.52,0.051,206,79,1.0,19.7,Secret Altar,0,0,,0,
140.57,0.050,205,79,1.0,19.9,Secret Altar,0,0,,0,
140.62,0.051,205,79,0.0,0.0,Secret Altar,0,0,,0,
140.67,0.051,204,79,1.0,19.8,Secret Altar,0,0,,0,
140.72,0.051,204,79,0.0,0.0,Secret Altar,0,0,,0,
140.77,0.051,203,79,1.0,19.7,Secret Altar,0,0,,0,
140.82,0.051,202,79,1.0,19.5,Secret Altar,0,0,,0,
140.87,0.050,202,79,0.0,0.0,Secret Altar,0,0,,0,
140.92,0.051,201,79,1.0,19.7,Secret Altar,0,0,,0,
140.97,0.051,200,79,1.0,19.8,Secret Altar,0,0,,0,
141.02,0.050,199,79,1.0,19.8,Secret Altar,0,0,,0,
141.08,0.050,199,79,0.0,0.0,Secret Altar,0,0,,0,
141.13,0.050,198,79,1.0,19.9,Secret Altar,0,0,,0,
141.18,0.050,197,79,1.0,19.8,Secret Altar,0,0,,0,
141.23,0.051,197,79,0.0,0.0,Secret Altar,0,0,,0,
141.28,0.050,196,79,1.0,19.9,Secret Altar,0,0,,0,
141.33,0.050,196,79,0.0,0.0,Secret Altar,0,0,,0,
141.38,0.051,195,79,1.0,19.8,Secret Altar,0,0,,0,
141.43,0.050,194,79,1.0,19.8,Secret Altar,0,0,,0,
141.48,0.051,194,79,0.0,0.0,Secret Altar,0,0,,0,
141.53,0.051,193,79,1.0,19.8,Secret Altar,0,0,,0,
141.58,0.051,193,79,0.0,0.0,Secret Altar,0,0,,0,
141.63,0.050,192,79,1.0,19.9,Secret Altar,0,0,,0,
141.68,0.050,192,79,0.0,0.0,Secret Altar,0,0,,0,
141.73,0.051,192,79,0.0,0.0,Secret Altar,0,0,,0,
141.78,0.051,192,78,1.0,19.8,Secret Altar,0,0,,0,
141.83,0.051,192,77,1.0,19.7,Secret Altar,0,0,,0,
141.88,0.051,192,77,0.0,0.0,Secret Altar,0,0,,0,
141.93,0.051,192,76,1.0,19.8,Secret Altar,0,0,,0,
141.98,0.051,192,75,1.0,19.8,Secret Altar,0,0,,0,
142.04,0.050,192,75,0.0,0.0,Secret Altar,0,0,,0,
142.09,0.050,192,74,1.0,19.9,Secret Altar,0,0,,0,
142.14,0.051,192,73,1.0,19.8,Secret Altar,0,0,,0,
142.19,0.050,192,73,0.0,0.0,Secret Altar,0,0,,0,
142.24,0.051,192,72,1.0,19.7,Secret Altar,0,0,,0,
142.29,0.051,192,72,0.0,0.0,Secret Altar,0,0,,0,
142.34,0.051,192,71,1.0,19.7,Secret Altar,0,0,,0,
142.39,0.050,192,70,1.0,19.8,Secret Altar,0,0,,0,
142.44,0.051,192,70,0.0,0.0,Secret Altar,0,0,,0,
142.49,0.051,192,69,1.0,19.8,Secret Altar,0,0,,0,
142.54,0.050,192,68,1.0,19.9,Secret Altar,0,0,,0,
142.59,0.050,192,68,0.0,0.0,Secret Altar,0,0,,0,
142.64,0.050,192,67,1.0,19.9,Secret Altar,0,0,,0,
142.69,0.051,192,66,1.0,19.7,Secret Altar,0,0,,0,
142.74,0.050,192,66,0.0,0.0,Secret Altar,0,0,,0,
142.79,0.051,192,65,1.0,19.8,Secret Altar,0,0,,0,
142.84,0.050,192,65,0.0,0.0,Secret Altar,0,0,,0,
142.89,0.051,192,64,1.0,19.8,Secret Altar,0,0,,0,
142.94,0.050,192,63,1.0,19.8,Secret Altar,0,0,,0,
142.99,0.050,191,63,1.0,19.8,Secret Altar,0,0,,0,
143.04,0.051,191,62,1.0,19.7,Secret Altar,0,0,,0,
143.10,0.051,191,62,0.0,0.0,Secret Altar,0,0,,0,
143.15,0.051,191,61,1.0,19.8,Secret Altar,0,0,,0,
143.20,0.050,191,61,0.0,0.0,Secret Altar,0,0,,0,
143.25,0.050,191,60,1.0,19.9,Secret Altar,0,0,,0,
143.30,0.051,191,59,1.0,19.7,Secret Altar,0,0,,0,
143.35,0.051,191,59,0.0,0.0,Secret Altar,0,0,,0,
143.40,0.050,191,59,0.0,0.0,Secret Altar,0,0,,0,
143.45,0.050,191,57,2.0,39.6,Secret Altar,0,0,,0,
143.50,0.050,191,56,1.0,19.8,Secret Altar,0,0,,0,
143.55,0.050,191,56,0.0,0.0,Secret Altar,0,0,,0,
143.60,0.051,191,56,0.0,0.0,Secret Altar,0,0,,0,
143.65,0.050,191,55,1.0,19.8,Secret Altar,0,0,,0,
143.70,0.050,191,53,2.0,39.8,Secret Altar,0,0,,0,
143.75,0.050,191,53,0.0,0.0,Secret Altar,0,0,,0,
143.80,0.050,191,52,1.0,19.9,Secret Altar,0,0,,0,
143.85,0.050,191,52,0.0,0.0,Secret Altar,0,0,,0,
143.90,0.051,191,51,1.0,19.8,Secret Altar,0,0,,0,
143.95,0.051,191,51,0.0,0.0,Secret Altar,0,0,,0,
144.00,0.050,191,50,1.0,19.9,Secret Altar,0,0,,0,
144.05,0.050,191,50,0.0,0.0,Secret Altar,0,0,,0,
144.10,0.051,191,48,2.0,39.3,Secret Altar,0,0,,0,
144.15,0.051,191,48,0.0,0.0,Secret Altar,0,0,,0,
144.21,0.050,191,47,1.0,19.9,Secret Altar,0,0,,0,
144.26,0.050,191,47,0.0,0.0,Secret Altar,0,0,,0,
144.31,0.051,192,47,1.0,19.7,Secret Altar,0,0,,0,
144.36,0.051,192,47,0.0,0.0,Secret Altar,0,0,,0,
144.41,0.050,194,47,2.0,39.7,Secret Altar,0,0,,0,
144.46,0.050,194,47,0.0,0.0,Secret Altar,0,0,,0,
144.51,0.051,195,47,1.0,19.8,Secret Altar,0,0,,0,
144.56,0.050,195,47,0.0,0.0,Secret Altar,0,0,,0,
144.61,0.051,196,47,1.0,19.8,Secret Altar,0,0,,0,
144.66,0.051,196,47,0.0,0.0,Secret Altar,0,0,,0,
144.71,0.051,197,47,1.0,19.8,Secret Altar,0,0,,0,
144.76,0.051,197,47,0.0,0.0,Secret Altar,0,0,,0,
144.81,0.051,199,46,2.2,44.1,Secret Altar,0,0,,0,
144.86,0.051,199,46,0.0,0.0,Secret Altar,0,0,,0,
144.91,0.051,200,46,1.0,19.8,Secret Altar,0,0,,0,
144.96,0.051,200,46,0.0,0.0,Secret Altar,0,0,,0,
145.01,0.051,201,46,1.0,19.6,Secret Altar,0,0,,0,
145.07,0.050,201,46,0.0,0.0,Secret Altar,0,0,,0,
145.12,0.050,202,46,1.0,19.9,Secret Altar,0,0,,0,
145.17,0.051,202,46,0.0,0.0,Secret Altar,0,0,,0,
145.22,0.051,204,46,2.0,38.9,Secret Altar,0,0,,0,
145.27,0.051,204,46,0.0,0.0,Secret Altar,0,0,,0,
145.32,0.051,204,46,0.0,0.0,Secret Altar,0,0,,0,
145.37,0.051,204,46,0.0,0.0,Secret Altar,0,0,,0,
145.42,0.050,204,45,1.0,19.9,Secret Altar,0,0,,0,
145.47,0.050,204,45,0.0,0.0,Secret Altar,0,0,,0,
145.52,0.051,204,43,2.0,39.5,Secret Altar,0,0,,0,
145.57,0.051,204,43,0.0,0.0,Secret Altar,0,0,,0,
145.62,0.051,204,42,1.0,19.7,Secret Altar,0,0,,0,
145.67,0.050,204,42,0.0,0.0,Secret Altar,0,0,,0,
145.72,0.050,204,41,1.0,19.8,Secret Altar,0,0,,0,
145.77,0.051,204,41,0.0,0.0,Secret Altar,0,0,,0,
145.82,0.050,204,40,1.0,19.9,Secret Altar,0,0,,0,
145.87,0.051,204,40,0.0,0.0,Secret Altar,0,0,,0,
145.92,0.051,204,38,2.0,39.5,Secret Altar,0,0,,0,
145.98,0.050,204,38,0.0,0.0,Secret Altar,0,0,,0,
146.03,0.050,204,37,1.0,19.8,Secret Altar,0,0,,0,
146.08,0.050,204,37,0.0,0.0,Secret Altar,0,0,,0,
146.13,0.050,204,36,1.0,19.8,Secret Altar,0,0,,0,
146.18,0.051,204,36,0.0,0.0,Secret Altar,0,0,,0,
146.23,0.050,204,34,2.0,39.7,Secret Altar,0,0,,0,
146.28,0.050,204,34,0.0,0.0,Secret Altar,0,0,,0,
146.33,0.051,203,33,1.4,27.8,Secret Altar,0,0,,0,
146.38,0.050,203,33,0.0,0.0,Secret Altar,0,0,,0,
146.43,0.050,203,32,1.0,19.9,Secret Altar,0,0,,0,
146.48,0.051,203,32,0.0,0.0,Secret Altar,0,0,,0,
146.53,0.051,203,31,1.0,19.8,Secret Altar,0,0,,0,
146.58,0.050,203,31,0.0,0.0,Secret Altar,0,0,,0,
146.63,0.051,203,29,2.0,39.6,Secret Altar,0,0,,0,
146.68,0.050,203,29,0.0,0.0,Secret Altar,0,0,,0,
146.73,0.051,203,28,1.0,19.6,Secret Altar,0,0,,0,
146.78,0.051,203,28,0.0,0.0,Secret Altar,0,0,,0,
146.83,0.051,203,27,1.0,19.6,Secret Altar,0,0,,0,
146.89,0.051,203,27,0.0,0.0,Secret Altar,0,0,,0,
146.94,0.051,203,26,1.0,19.8,Secret Altar,0,0,,0,
146.99,0.051,203,26,0.0,0.0,Secret Altar,0,0,,0,
147.04,0.050,203,24,2.0,39.6,Secret Altar,0,0,,0,
147.09,0.051,203,24,0.0,0.0,Secret Altar,0,0,,0,
147.14,0.051,203,23,1.0,19.7,Secret Altar,0,0,,0,
147.19,0.051,203,23,0.0,0.0,Secret Altar,0,0,,0,
147.24,0.051,203,22,1.0,19.8,Secret Altar,0,0,,0,
147.29,0.050,203,22,0.0,0.0,Secret Altar,0,0,,0,
147.34,0.051,203,22,0.0,0.0,Secret Altar,0,0,,0,
147.39,0.051,203,22,0.0,0.0,Secret Altar,0,0,,0,
147.44,0.051,204,22,1.0,19.8,Secret Altar,0,0,,0,
147.49,0.051,204,22,0.0,0.0,Secret Altar,0,0,,0,
147.54,0.050,206,22,2.0,39.6,Secret Altar,0,0,,0,
147.59,0.051,207,22,1.0,19.7,Secret Altar,0,0,,0,
147.64,0.051,207,22,0.0,0.0,Secret Altar,0,0,,0,
147.70,0.051,207,22,0.0,0.0,Secret Altar,0,0,,0,
147.75,0.050,208,22,1.0,19.8,Secret Altar,0,0,,0,
147.80,0.050,209,22,1.0,19.8,Secret Altar,0,0,,0,
147.85,0.050,209,22,0.0,0.0,Secret Altar,0,0,,0,
147.90,0.050,209,22,0.0,0.0,Secret Altar,0,0,,0,
147.95,0.051,211,22,2.0,39.4,Secret Altar,0,0,,0,
148.00,0.050,212,22,1.0,19.9,Secret Altar,0,0,,0,
148.05,0.050,212,22,0.0,0.0,Secret Altar,0,0,,0,
148.10,0.051,212,22,0.0,0.0,Secret Altar,0,0,,0,
148.15,0.051,213,23,1.4,27.9,Secret Altar,0,0,,0,
148.20,0.051,214,23,1.0,19.7,Secret Altar,0,0,,0,
148.25,0.050,214,23,0.0,0.0,Secret Altar,0,0,,0,
148.30,0.051,216,23,2.0,39.4,Secret Altar,0,0,,0,
148.35,0.051,216,23,0.0,0.0,Secret Altar,0,0,,0,
148.40,0.050,217,23,1.0,19.8,Secret Altar,0,0,,0,
148.45,0.050,217,23,0.0,0.0,Secret Altar,0,0,,0,
148.50,0.051,218,23,1.0,19.8,Secret Altar,0,0,,0,
148.55,0.050,218,23,0.0,0.0,Secret Altar,0,0,,0,
148.61,0.051,220,23,2.0,39.4,Secret Altar,0,0,,0,
148.66,0.051,220,23,0.0,0.0,Secret Altar,0,0,,0,
148.71,0.051,221,23,1.0,19.8,Secret Altar,0,0,,0,
148.76,0.050,221,23,0.0,0.0,Secret Altar,0,0,,0,
148.81,0.050,222,23,1.0,19.8,Secret Altar,0,0,,0,
148.86,0.051,222,23,0.0,0.0,Secret Altar,0,0,,0,
148.91,0.051,223,23,1.0,19.7,Secret Altar,0,0,,0,
148.96,0.051,223,23,0.0,0.0,Secret Altar,0,0,,0,
149.01,0.051,225,23,2.0,39.1,Secret Altar,0,0,,0,
149.06,0.050,225,23,0.0,0.0,Secret Altar,0,0,,0,
149.11,0.051,226,23,1.0,19.8,Secret Altar,0,0,,0,
149.16,0.051,226,23,0.0,0.0,Secret Altar,0,0,,0,
149.21,0.051,227,23,1.0,19.8,Secret Altar,0,0,,0,
149.26,0.051,227,23,0.0,0.0,Secret Altar,0,0,,0,
149.31,0.050,228,23,1.0,19.8,Secret Altar,0,0,,0,
149.36,0.050,228,23,0.0,0.0,Secret Altar,0,0,,0,
149.41,0.050,230,23,2.0,39.7,Secret Altar,0,0,,0,
149.46,0.050,230,23,0.0,0.0,Secret Altar,0,0,,0,
149.52,0.051,231,23,1.0,19.8,Secret Altar,0,0,,0,
149.57,0.051,231,23,0.0,0.0,Secret Altar,0,0,,0,
149.62,0.050,232,24,1.4,28.1,Secret Altar,0,0,,0,
149.67,0.051,232,24,0.0,0.0,Secret Altar,0,0,,0,
149.72,0.051,234,24,2.0,39.4,Secret Altar,0,0,,0,
149.77,0.051,234,24,0.0,0.0,Secret Altar,0,0,,0,
149.82,0.051,235,24,1.0,19.6,Secret Altar,0,0,,0,
149.87,0.050,235,24,0.0,0.0,Secret Altar,0,0,,0,
149.92,0.051,236,24,1.0,19.6,Secret Altar,0,0,,0,
149.97,0.051,236,24,0.0,0.0,Secret Altar,0,0,,0,
150.02,0.051,237,24,1.0,19.8,Secret Altar,0,0,,0,
150.07,0.051,237,24,0.0,0.0,Secret Altar,0,0,,0,
150.12,0.051,239,24,2.0,39.5,Secret Altar,0,0,,0,
150.17,0.051,239,24,0.0,0.0,Secret Altar,0,0,,0,
150.22,0.051,240,24,1.0,19.7,Secret Altar,0,0,,0,
150.27,0.051,240,24,0.0,0.0,Secret Altar,0,0,,0,
150.33,0.051,241,24,1.0,19.7,Secret Altar,0,0,,0,
150.38,0.051,241,24,0.0,0.0,Secret Altar,0,0,,0,
150.43,0.050,241,24,0.0,0.0,Secret Altar,0,0,,0,
150.48,0.050,241,24,0.0,0.0,Secret Altar,0,0,,0,
150.53,0.051,241,25,1.0,19.8,Secret Altar,0,0,,0,
150.58,0.051,241,25,0.0,0.0,Secret Altar,0,0,,0,
150.63,0.051,241,27,2.0,39.4,Secret Altar,0,0,,0,
150.68,0.051,241,27,0.0,0.0,Secret Altar,0,0,,0,
150.73,0.050,241,28,1.0,19.8,Secret Altar,0,0,,0,
150.78,0.050,241,28,0.0,0.0,Secret Altar,0,0,,0,
150.83,0.051,241,29,1.0,19.8,Secret Altar,0,0,,0,
150.88,0.051,241,29,0.0,0.0,Secret Altar,0,0,,0,
150.93,0.051,241,30,1.0,19.7,Secret Altar,0,0,,0,
150.98,0.051,241,30,0.0,0.0,Secret Altar,0,0,,0,
151.03,0.051,241,32,2.0,39.5,Secret Altar,0,0,,0,
151.08,0.051,241,32,0.0,0.0,Secret Altar,0,0,,0,
151.13,0.051,241,33,1.0,19.8,Secret Altar,0,0,,0,
151.19,0.050,241,33,0.0,0.0,Secret Altar,0,0,,0,
151.24,0.051,240,34,1.4,27.9,Secret Altar,0,0,,0,
151.29,0.051,240,34,0.0,0.0,Secret Altar,0,0,,0,
151.34,0.051,240,35,1.0,19.7,Secret Altar,0,0,,0,
151.39,0.050,240,35,0.0,0.0,Secret Altar,0,0,,0,
151.44,0.050,240,37,2.0,39.6,Secret Altar,0,0,,0,
151.49,0.050,240,37,0.0,0.0,Secret Altar,0,0,,0,
151.54,0.050,240,38,1.0,19.8,Secret Altar,0,0,,0,
151.59,0.051,240,38,0.0,0.0,Secret Altar,0,0,,0,
151.64,0.051,240,39,1.0,19.7,Secret Altar,0,0,,0,
151.69,0.051,240,39,0.0,0.0,Secret Altar,0,0,,0,
151.74,0.051,240,40,1.0,19.8,Secret Altar,0,0,,0,
151.79,0.051,240,40,0.0,0.0,Secret Altar,0,0,,0,
151.84,0.051,240,42,2.0,39.5,Secret Altar,0,0,,0,
151.89,0.051,240,42,0.0,0.0,Secret Altar,0,0,,0,
151.94,0.051,240,43,1.0,19.7,Secret Altar,0,0,,0,
152.00,0.051,240,44,1.0,19.7,Secret Altar,0,0,,0,
152.05,0.050,240,44,0.0,0.0,Secret Altar,0,0,,0,
152.10,0.050,240,44,0.0,0.0,Secret Altar,0,0,,0,
152.15,0.051,240,44,0.0,0.0,Secret Altar,0,0,,0,
152.20,0.050,239,44,1.0,19.9,Secret Altar,0,0,,0,
152.25,0.051,239,44,0.0,0.0,Secret Altar,0,0,,0,
152.30,0.051,239,44,0.0,0.0,Secret Altar,0,0,,0,
152.35,0.051,237,44,2.0,39.4,Secret Altar,0,0,,0,
152.40,0.050,236,44,1.0,19.8,Secret Altar,0,0,,0,
152.45,0.051,236,44,0.0,0.0,Secret Altar,0,0,,0,
152.50,0.050,236,44,0.0,0.0,Secret Altar,0,0,,0,
152.55,0.051,235,44,1.0,19.7,Secret Altar,0,0,,0,
152.60,0.051,234,44,1.0,19.6,Secret Altar,0,0,,0,
152.65,0.051,234,44,0.0,0.0,Secret Altar,0,0,,0,
152.70,0.051,232,44,2.0,39.5,Secret Altar,0,0,,0,
152.76,0.051,232,44,0.0,0.0,Secret Altar,0,0,,0,
152.81,0.050,231,44,1.0,19.8,Secret Altar,0,0,,0,
152.86,0.051,231,44,0.0,0.0,Secret Altar,0,0,,0,
152.91,0.051,230,44,1.0,19.8,Secret Altar,0,0,,0,
152.96,0.051,230,44,0.0,0.0,Secret Altar,0,0,,0,
153.01,0.050,229,45,1.4,28.1,Secret Altar,0,0,,0,
153.06,0.051,229,45,0.0,0.0,Secret Altar,0,0,,0,
153.11,0.051,227,45,2.0,39.5,Secret Altar,0,0,,0,
153.16,0.050,227,45,0.0,0.0,Secret Altar,0,0,,0,
153.21,0.051,226,45,1.0,19.7,Secret Altar,0,0,,0,
153.26,0.050,226,45,0.0,0.0,Secret Altar,0,0,,0,
153.31,0.051,225,45,1.0,19.8,Secret Altar,0,0,,0,
153.36,0.050,225,45,0.0,0.0,Secret Altar,0,0,,0,
153.41,0.051,224,45,1.0,19.8,Secret Altar,0,0,,0,
153.46,0.050,224,45,0.0,0.0,Secret Altar,0,0,,0,
153.51,0.051,222,45,2.0,39.6,Secret Altar,0,0,,0,
153.56,0.050,222,45,0.0,0.0,Secret Altar,0,0,,0,
153.61,0.051,221,45,1.0,19.8,Secret Altar,0,0,,0,
153.66,0.051,221,45,0.0,0.0,Secret Altar,0,0,,0,
153.72,0.051,220,45,1.0,19.6,Secret Altar,0,0,,0,
153.77,0.051,220,45,0.0,0.0,Secret Altar,0,0,,0,
153.82,0.051,218,45,2.0,39.3,Secret Altar,0,0,,0,
153.87,0.050,218,45,0.0,0.0,Secret Altar,0,0,,0,
153.92,0.051,218,45,0.0,0.0,Secret Altar,0,0,,0,
153.97,0.050,218,45,0.0,0.0,Secret Altar,0,0,,0,
154.02,0.050,218,45,0.0,0.0,Secret Altar,0,0,,0,
154.07,0.050,218,45,0.0,0.0,Secret Altar,0,0,,0,
154.12,0.050,218,45,0.0,0.0,Secret Altar,0,0,,0,
154.17,0.051,218,45,0.0,0.0,Secret Altar,0,0,,0,
154.22,0.050,218,45,0.0,0.0,Secret Altar,0,0,,0,
154.27,0.050,218,45,0.0,0.0,Secret Altar,0,0,,0,
154.32,0.051,218,45,0.0,0.0,Secret Altar,0,0,,0,
154.37,0.050,218,45,0.0,0.0,Secret Altar,0,0,,0,
154.42,0.050,218,45,0.0,0.0,Secret Altar,0,0,,0,
154.47,0.050,218,45,0.0,0.0,Secret Altar,0,0,,0,
154.52,0.050,218,45,0.0,0.0,Secret Altar,0,0,,0,
154.57,0.050,218,45,0.0,0.0,Secret Altar,0,0,,0,
154.62,0.050,218,45,0.0,0.0,Secret Altar,0,0,,0,
154.67,0.050,218,45,0.0,0.0,Secret Altar,0,0,,0,
154.72,0.051,218,45,0.0,0.0,Secret Altar,0,0,,0,
154.78,0.051,218,45,0.0,0.0,Secret Altar,0,0,,0,
154.83,0.051,218,45,0.0,0.0,Secret Altar,0,0,,0,
154.88,0.051,218,45,0.0,0.0,Secret Altar,0,0,,0,
154.93,0.051,218,45,0.0,0.0,Secret Altar,0,0,,0,
154.98,0.050,218,45,0.0,0.0,Secret Altar,0,0,,0,
155.03,0.051,218,45,0.0,0.0,Secret Altar,0,0,,0,
155.08,0.050,218,45,0.0,0.0,Secret Altar,0,0,,0,
155.13,0.051,218,45,0.0,0.0,Secret Altar,1,0,,0,
155.18,0.050,218,45,0.0,0.0,Secret Altar,1,0,,0,
155.23,0.051,218,45,0.0,0.0,Secret Altar,1,0,,0,
155.28,0.051,218,45,0.0,0.0,Secret Altar,1,0,,0,
155.33,0.051,218,45,0.0,0.0,Secret Altar,1,0,,0,
155.38,0.050,218,45,0.0,0.0,Secret Altar,1,0,,0,
155.43,0.051,218,45,0.0,0.0,Secret Altar,1,0,,0,
155.48,0.051,218,45,0.0,0.0,Secret Altar,1,0,,0,
155.53,0.051,218,45,0.0,0.0,Secret Altar,1,0,,0,
155.59,0.051,218,45,0.0,0.0,Secret Altar,1,0,,0,
155.64,0.051,218,45,0.0,0.0,Secret Altar,1,0,,0,
155.69,0.051,218,45,0.0,0.0,Secret Altar,1,0,,0,
155.74,0.050,218,45,0.0,0.0,Secret Altar,1,0,,0,
155.79,0.050,218,45,0.0,0.0,Secret Altar,1,0,,0,
155.84,0.050,218,45,0.0,0.0,Secret Altar,1,0,,0,
155.89,0.051,218,45,0.0,0.0,Secret Altar,1,0,,0,
155.94,0.050,218,45,0.0,0.0,Secret Altar,1,0,,0,
155.99,0.051,218,45,0.0,0.0,Secret Altar,1,0,,0,
156.04,0.050,218,45,0.0,0.0,Secret Altar,1,0,,0,
156.09,0.051,218,45,0.0,0.0,Secret Altar,1,0,,0,
156.14,0.050,218,45,0.0,0.0,Secret Altar,1,0,,0,
156.19,0.050,218,45,0.0,0.0,Secret Altar,1,0,,0,
156.24,0.051,218,45,0.0,0.0,Secret Altar,1,0,,0,
156.29,0.051,218,45,0.0,0.0,Secret Altar,1,0,,0,
156.34,0.051,218,45,0.0,0.0,Secret Altar,1,0,,0,
156.39,0.050,218,45,0.0,0.0,Secret Altar,1,0,,0,
156.44,0.051,218,45,0.0,0.0,Secret Altar,1,0,,0,
156.50,0.051,218,45,0.0,0.0,Secret Altar,1,0,,0,
156.55,0.051,218,45,0.0,0.0,Secret Altar,1,0,,0,
156.60,0.050,218,45,0.0,0.0,Secret Altar,1,0,,0,
156.65,0.051,218,45,0.0,0.0,Secret Altar,1,0,,0,
156.70,0.051,218,45,0.0,0.0,Secret Altar,1,0,,0,
156.75,0.051,218,45,0.0,0.0,Secret Altar,1,0,,0,
156.80,0.051,218,45,0.0,0.0,Secret Altar,1,0,,0,
156.85,0.050,218,45,0.0,0.0,Secret Altar,1,0,,0,
156.90,0.050,218,45,0.0,0.0,Secret Altar,1,0,,0,
156.95,0.050,218,45,0.0,0.0,Secret Altar,1,0,,0,
157.00,0.050,218,45,0.0,0.0,Secret Altar,1,0,,0,
157.05,0.051,218,45,0.0,0.0,Secret Altar,1,0,,0,
157.10,0.050,218,45,0.0,0.0,Secret Altar,1,0,,0,
157.15,0.051,218,45,0.0,0.0,Secret Altar,1,0,,0,
157.20,0.051,218,45,0.0,0.0,Secret Altar,1,0,,0,
157.25,0.051,218,45,0.0,0.0,Secret Altar,1,0,,0,
157.30,0.050,218,45,0.0,0.0,Secret Altar,1,0,,0,
157.35,0.051,218,45,0.0,0.0,Secret Altar,1,0,,0,
157.41,0.051,218,45,0.0,0.0,Secret Altar,1,0,,0,
157.46,0.051,218,45,0.0,0.0,Secret Altar,1,0,,0,
157.51,0.050,218,45,0.0,0.0,Secret Altar,0,0,,0,
157.56,0.050,218,45,0.0,0.0,Secret Altar,1,0,,0,
157.61,0.051,218,45,0.0,0.0,Secret Altar,1,0,,0,
157.66,0.050,218,45,0.0,0.0,Secret Altar,1,0,,0,
157.71,0.051,218,45,0.0,0.0,Secret Altar,1,0,,0,
157.76,0.051,218,45,0.0,0.0,Secret Altar,1,0,,0,
157.81,0.050,218,45,0.0,0.0,Secret Altar,1,0,,0,
157.86,0.050,218,45,0.0,0.0,Secret Altar,1,0,,0,
157.91,0.050,218,45,0.0,0.0,Secret Altar,1,0,,0,
157.96,0.050,218,45,0.0,0.0,Secret Altar,1,0,,0,
158.01,0.051,218,45,0.0,0.0,Secret Altar,1,0,,0,
158.06,0.050,218,45,0.0,0.0,Secret Altar,1,0,,0,
158.11,0.051,218,45,0.0,0.0,Secret Altar,0,0,,0,
158.16,0.051,218,45,0.0,0.0,Secret Altar,1,0,,0,
158.21,0.051,218,45,0.0,0.0,Secret Altar,1,0,,0,
158.26,0.050,218,45,0.0,0.0,Secret Altar,1,0,,0,
158.31,0.051,218,45,0.0,0.0,Secret Altar,1,0,,0,
158.37,0.051,218,45,0.0,0.0,Secret Altar,1,0,,0,
158.42,0.051,218,45,0.0,0.0,Secret Altar,1,0,,0,
158.47,0.051,218,45,0.0,0.0,Secret Altar,1,0,,0,
158.52,0.050,218,45,0.0,0.0,Secret Altar,1,0,,0,
158.57,0.051,218,45,0.0,0.0,Secret Altar,1,0,,0,
158.62,0.050,218,45,0.0,0.0,Secret Altar,1,0,,0,
158.67,0.050,218,45,0.0,0.0,Secret Altar,1,0,,0,
158.72,0.051,218,45,0.0,0.0,Secret Altar,1,0,,0,
158.77,0.051,218,45,0.0,0.0,Secret Altar,1,0,,0,
158.82,0.051,218,45,0.0,0.0,Secret Altar,1,0,,0,
158.87,0.050,218,45,0.0,0.0,Secret Altar,1,0,,0,
158.92,0.050,218,45,0.0,0.0,Secret Altar,1,0,,0,
158.97,0.051,218,45,0.0,0.0,Secret Altar,1,0,,0,
159.02,0.051,218,45,0.0,0.0,Secret Altar,1,0,,0,
159.07,0.051,218,45,0.0,0.0,Secret Altar,1,0,,0,
159.12,0.051,218,45,0.0,0.0,Secret Altar,1,0,,0,
159.17,0.051,218,45,0.0,0.0,Secret Altar,1,0,,0,
159.23,0.051,218,45,0.0,0.0,Secret Altar,1,0,,0,
159.28,0.051,218,45,0.0,0.0,Secret Altar,1,0,,0,
159.33,0.051,218,45,0.0,0.0,Secret Altar,1,0,,0,
159.38,0.051,218,45,0.0,0.0,Secret Altar,1,0,,0,
159.43,0.051,218,45,0.0,0.0,Secret Altar,1,0,,0,
159.48,0.051,218,45,0.0,0.0,Secret Altar,1,0,,0,
159.53,0.050,218,45,0.0,0.0,Secret Altar,1,0,,0,
159.58,0.050,218,45,0.0,0.0,Secret Altar,1,0,,0,
159.63,0.050,218,45,0.0,0.0,Secret Altar,1,0,,0,
159.68,0.051,218,45,0.0,0.0,Secret Altar,1,0,,0,
159.73,0.051,218,45,0.0,0.0,Secret Altar,1,0,,0,
159.78,0.050,218,45,0.0,0.0,Secret Altar,1,0,,0,
159.83,0.050,218,45,0.0,0.0,Secret Altar,1,0,,0,
159.88,0.051,218,45,0.0,0.0,Secret Altar,1,0,,0,
159.94,0.051,218,45,0.0,0.0,Secret Altar,1,0,,0,
159.99,0.050,218,45,0.0,0.0,Secret Altar,1,0,,0,
160.04,0.050,218,45,0.0,0.0,Secret Altar,1,0,,0,
160.09,0.051,218,45,0.0,0.0,Secret Altar,1,0,,0,
160.14,0.051,218,45,0.0,0.0,Secret Altar,1,0,,0,
160.19,0.051,218,45,0.0,0.0,Secret Altar,1,0,,0,
160.24,0.050,218,45,0.0,0.0,Secret Altar,1,0,,0,
160.29,0.050,218,45,0.0,0.0,Secret Altar,1,0,,0,
160.34,0.051,218,45,0.0,0.0,Secret Altar,1,0,,0,
160.39,0.050,218,45,0.0,0.0,Secret Altar,1,0,,0,
160.44,0.050,218,45,0.0,0.0,Secret Altar,1,0,,0,
160.49,0.050,218,45,0.0,0.0,Secret Altar,1,0,,0,
160.54,0.051,218,45,0.0,0.0,Secret Altar,1,0,,0,
160.59,0.050,218,45,0.0,0.0,Secret Altar,1,0,,0,
160.64,0.051,218,45,0.0,0.0,Secret Altar,1,0,,0,
160.69,0.051,218,45,0.0,0.0,Secret Altar,1,0,,0,
160.74,0.051,218,45,0.0,0.0,Secret Altar,1,0,,0,
160.79,0.051,218,45,0.0,0.0,Secret Altar,1,0,,0,
160.84,0.050,218,45,0.0,0.0,Secret Altar,1,0,,0,
160.90,0.050,218,45,0.0,0.0,Secret Altar,1,0,,0,
160.95,0.051,218,45,0.0,0.0,Secret Altar,1,0,,0,
161.00,0.051,218,45,0.0,0.0,Secret Altar,1,0,,0,
161.05,0.051,218,45,0.0,0.0,Secret Altar,1,0,,0,
161.10,0.050,218,45,0.0,0.0,Secret Altar,1,0,,0,
161.15,0.051,218,45,0.0,0.0,Secret Altar,1,0,,0,
161.20,0.050,218,45,0.0,0.0,Secret Altar,1,0,,0,
161.25,0.050,218,45,0.0,0.0,Secret Altar,1,0,,0,
161.30,0.050,218,45,0.0,0.0,Secret Altar,1,0,,0,
161.35,0.051,218,45,0.0,0.0,Secret Altar,1,0,,0,
161.40,0.051,218,45,0.0,0.0,Secret Altar,1,0,,0,
161.45,0.050,218,45,0.0,0.0,Secret Altar,1,0,,0,
161.50,0.050,218,45,0.0,0.0,Secret Altar,1,0,,0,
161.55,0.050,218,45,0.0,0.0,Secret Altar,1,0,,0,
161.60,0.051,218,45,0.0,0.0,Secret Altar,1,0,,0,
161.65,0.051,218,45,0.0,0.0,Secret Altar,1,0,,0,
161.70,0.051,218,45,0.0,0.0,Secret Altar,1,0,,0,
161.75,0.051,218,45,0.0,0.0,Secret Altar,1,0,,0,
161.80,0.051,218,45,0.0,0.0,Secret Altar,1,0,,0,
161.86,0.051,218,45,0.0,0.0,Secret Altar,1,0,,0,
161.91,0.050,218,45,0.0,0.0,Secret Altar,1,0,,0,
161.96,0.051,218,45,0.0,0.0,Secret Altar,1,0,,0,
162.01,0.050,218,45,0.0,0.0,Secret Altar,1,0,,0,
162.06,0.050,218,45,0.0,0.0,Secret Altar,1,0,,0,
162.11,0.051,218,45,0.0,0.0,Secret Altar,1,0,,0,
162.16,0.050,218,45,0.0,0.0,Secret Altar,1,0,,0,
162.21,0.051,218,45,0.0,0.0,Secret Altar,1,0,,0,
162.26,0.051,218,45,0.0,0.0,Secret Altar,1,0,,0,
162.31,0.051,218,45,0.0,0.0,Secret Altar,1,0,,0,
162.36,0.050,218,45,0.0,0.0,Secret Altar,1,0,,0,
162.41,0.051,218,45,0.0,0.0,Secret Altar,1,0,,0,
162.46,0.050,218,45,0.0,0.0,Secret Altar,1,0,,0,
162.51,0.051,218,45,0.0,0.0,Secret Altar,1,0,,0,
162.56,0.051,218,45,0.0,0.0,Secret Altar,1,0,,0,
162.61,0.050,218,45,0.0,0.0,Secret Altar,0,0,,0,
162.66,0.050,218,45,0.0,0.0,Secret Altar,1,0,,0,
162.71,0.051,218,45,0.0,0.0,Secret Altar,1,0,,0,
162.76,0.050,218,45,0.0,0.0,Secret Altar,1,0,,0,
162.82,0.051,218,45,0.0,0.0,Secret Altar,1,0,,0,
162.87,0.050,218,45,0.0,0.0,Secret Altar,1,0,,0,
162.92,0.050,218,45,0.0,0.0,Secret Altar,1,0,,0,
162.97,0.050,218,45,0.0,0.0,Secret Altar,1,0,,0,
163.02,0.051,218,45,0.0,0.0,Secret Altar,1,0,,0,
163.07,0.050,218,45,0.0,0.0,Secret Altar,1,0,,0,
163.12,0.050,218,45,0.0,0.0,Secret Altar,1,0,,0,
163.17,0.050,218,45,0.0,0.0,Secret Altar,1,0,,0,
163.22,0.050,218,45,0.0,0.0,Secret Altar,1,0,,0,
163.27,0.051,218,45,0.0,0.0,Secret Altar,1,0,,0,
163.32,0.050,218,45,0.0,0.0,Secret Altar,1,0,,0,
163.37,0.051,218,45,0.0,0.0,Secret Altar,1,0,,0,
163.42,0.050,218,45,0.0,0.0,Secret Altar,1,0,,0,
163.47,0.051,218,45,0.0,0.0,Secret Altar,1,0,,0,
163.52,0.051,218,45,0.0,0.0,Secret Altar,1,0,,0,
163.57,0.051,218,45,0.0,0.0,Secret Altar,1,0,,0,
163.62,0.050,218,45,0.0,0.0,Secret Altar,1,0,,0,
163.67,0.051,218,45,0.0,0.0,Secret Altar,0,0,,0,
163.72,0.050,218,45,0.0,0.0,Secret Altar,0,0,,0,
163.77,0.051,218,45,0.0,0.0,Secret Altar,0,0,,0,
163.83,0.051,218,45,0.0,0.0,Secret Altar,0,0,,0,
163.88,0.050,218,45,0.0,0.0,Secret Altar,0,0,,0,
163.93,0.051,218,45,0.0,0.0,Secret Altar,0,0,,0,
163.98,0.051,218,45,0.0,0.0,Secret Altar,0,0,,0,
164.03,0.051,218,45,0.0,0.0,Secret Altar,0,0,,0,
164.08,0.051,218,45,0.0,0.0,Secret Altar,0,0,,0,
164.13,0.050,218,45,0.0,0.0,Secret Altar,0,0,,0,
164.18,0.051,187,-406,452.1,8928.4,Secret Altar,0,0,,0,SALTO 452 unidades a 8928 u/s
164.23,0.051,187,-406,0.0,0.0,Secret Altar,0,0,,0,
164.28,0.051,187,-406,0.0,0.0,Secret Altar,0,0,,0,
164.33,0.050,187,-406,0.0,0.0,Secret Altar,0,0,,0,
164.38,0.051,187,-406,0.0,0.0,Secret Cemetery,0,0,,0,
164.43,0.051,187,-406,0.0,0.0,Secret Cemetery,0,0,,0,
164.48,0.050,187,-406,0.0,0.0,Secret Cemetery,0,0,,0,
164.53,0.050,187,-406,0.0,0.0,Secret Cemetery,0,0,,0,
164.58,0.051,187,-406,0.0,0.0,Secret Cemetery,0,0,,0,
164.63,0.051,187,-406,0.0,0.0,Secret Cemetery,0,0,,0,
164.68,0.051,187,-406,0.0,0.0,Secret Cemetery,0,0,,0,
164.73,0.050,187,-406,0.0,0.0,Secret Cemetery,0,0,,0,
164.79,0.051,187,-406,0.0,0.0,Secret Cemetery,0,0,,0,
164.84,0.051,187,-406,0.0,0.0,Secret Cemetery,0,0,,0,
164.89,0.051,187,-406,0.0,0.0,Secret Cemetery,0,0,,0,
164.94,0.050,187,-406,0.0,0.0,Secret Cemetery,0,0,,0,
164.99,0.050,187,-406,0.0,0.0,Secret Cemetery,0,0,,0,
165.04,0.051,187,-406,0.0,0.0,Secret Cemetery,0,0,,0,
165.09,0.050,187,-406,0.0,0.0,Secret Cemetery,0,0,,0,
165.14,0.050,187,-406,0.0,0.0,Secret Cemetery,0,0,,0,
165.19,0.051,187,-406,0.0,0.0,Secret Cemetery,0,0,,0,
165.24,0.050,187,-406,0.0,0.0,Secret Cemetery,0,0,,0,
165.29,0.050,187,-406,0.0,0.0,Secret Cemetery,0,0,,0,
165.34,0.051,187,-406,0.0,0.0,Secret Cemetery,0,0,,0,
165.39,0.050,187,-406,0.0,0.0,Secret Cemetery,0,0,,0,
165.44,0.051,187,-406,0.0,0.0,Secret Cemetery,0,0,,0,
165.49,0.050,187,-406,0.0,0.0,Secret Cemetery,0,0,,0,
165.54,0.051,187,-406,0.0,0.0,Secret Cemetery,0,0,,0,
165.60,0.051,187,-406,0.0,0.0,Secret Cemetery,0,0,,0,
165.65,0.051,187,-406,0.0,0.0,Secret Cemetery,0,0,,0,
165.70,0.051,187,-406,0.0,0.0,Secret Cemetery,0,0,,0,
165.75,0.051,187,-406,0.0,0.0,Secret Cemetery,0,0,,0,
165.80,0.050,187,-406,0.0,0.0,Secret Cemetery,0,0,,0,
165.85,0.051,187,-406,0.0,0.0,Secret Cemetery,0,0,,0,
165.90,0.050,187,-406,0.0,0.0,Secret Cemetery,0,0,,0,
165.95,0.051,187,-406,0.0,0.0,Secret Cemetery,0,0,,0,
166.00,0.051,187,-406,0.0,0.0,Secret Cemetery,0,0,,0,
166.05,0.050,187,-406,0.0,0.0,Secret Cemetery,0,0,,0,
166.10,0.050,187,-406,0.0,0.0,Secret Cemetery,0,0,,0,
166.15,0.051,187,-406,0.0,0.0,Secret Cemetery,0,0,,0,
166.20,0.050,187,-406,0.0,0.0,Secret Cemetery,0,0,,0,
166.25,0.050,187,-406,0.0,0.0,Secret Cemetery,0,0,,0,
166.30,0.051,187,-406,0.0,0.0,Secret Cemetery,0,0,,0,
166.35,0.051,187,-406,0.0,0.0,Secret Cemetery,0,0,,0,
166.40,0.051,187,-406,0.0,0.0,Secret Cemetery,0,0,,0,
166.45,0.051,187,-406,0.0,0.0,Secret Cemetery,0,0,,0,
166.50,0.051,187,-406,0.0,0.0,Secret Cemetery,0,0,,0,
166.56,0.050,187,-406,0.0,0.0,Secret Cemetery,0,0,,0,
166.61,0.051,187,-406,0.0,0.0,Secret Cemetery,0,0,,0,
166.66,0.051,187,-406,0.0,0.0,Secret Cemetery,0,0,,0,
166.71,0.050,187,-406,0.0,0.0,Secret Cemetery,0,0,,0,
166.76,0.050,187,-406,0.0,0.0,Secret Cemetery,0,0,,0,
166.81,0.050,187,-406,0.0,0.0,Secret Cemetery,0,0,,0,
166.86,0.050,187,-406,0.0,0.0,Secret Cemetery,0,0,,0,
166.91,0.050,187,-406,0.0,0.0,Secret Cemetery,0,0,,0,
166.96,0.050,187,-406,0.0,0.0,Secret Cemetery,0,0,,0,
167.01,0.050,187,-406,0.0,0.0,Secret Cemetery,0,0,,0,
167.06,0.051,187,-406,0.0,0.0,Secret Cemetery,0,0,,0,
167.11,0.051,187,-406,0.0,0.0,Secret Cemetery,0,0,,0,
167.16,0.051,187,-406,0.0,0.0,Secret Cemetery,0,0,,0,
167.21,0.051,187,-406,0.0,0.0,Secret Cemetery,0,0,,0,
167.26,0.051,187,-406,0.0,0.0,Secret Cemetery,0,0,,0,
167.31,0.050,187,-406,0.0,0.0,Secret Cemetery,0,0,,0,
167.36,0.051,187,-406,0.0,0.0,Secret Cemetery,0,0,,0,
167.41,0.051,187,-406,0.0,0.0,Secret Cemetery,0,0,,0,
167.46,0.051,187,-406,0.0,0.0,Secret Cemetery,0,0,,0,
167.51,0.051,187,-406,0.0,0.0,Secret Cemetery,0,0,,0,
167.57,0.051,187,-406,0.0,0.0,Secret Cemetery,0,0,,0,
167.62,0.051,187,-406,0.0,0.0,Secret Cemetery,0,0,,0,
167.67,0.051,187,-406,0.0,0.0,Secret Cemetery,0,0,,0,
167.72,0.051,187,-406,0.0,0.0,Secret Cemetery,0,0,,0,
167.77,0.051,187,-406,0.0,0.0,Secret Cemetery,0,0,,0,
167.82,0.051,187,-406,0.0,0.0,Secret Cemetery,0,0,,0,
167.87,0.050,187,-406,0.0,0.0,Secret Cemetery,0,0,,0,
167.92,0.050,187,-406,0.0,0.0,Secret Cemetery,0,0,,0,
167.97,0.051,187,-406,0.0,0.0,Secret Cemetery,0,0,,0,
168.02,0.051,187,-406,0.0,0.0,Secret Cemetery,0,0,,0,
168.07,0.051,187,-406,0.0,0.0,Secret Cemetery,0,0,,0,
168.12,0.050,187,-406,0.0,0.0,Secret Cemetery,0,0,,0,
168.17,0.051,187,-406,0.0,0.0,Secret Cemetery,0,0,,0,
168.22,0.051,187,-406,0.0,0.0,Secret Cemetery,0,0,,0,
168.27,0.051,187,-406,0.0,0.0,Secret Cemetery,0,0,,0,
168.32,0.051,187,-406,0.0,0.0,Secret Cemetery,0,0,,0,
168.38,0.051,187,-406,0.0,0.0,Secret Cemetery,0,0,,0,
168.43,0.050,187,-406,0.0,0.0,Secret Cemetery,0,0,,0,
168.48,0.051,187,-406,0.0,0.0,Secret Cemetery,0,0,,0,
168.53,0.051,187,-406,0.0,0.0,Secret Cemetery,0,0,,0,
168.58,0.050,187,-406,0.0,0.0,Secret Cemetery,0,0,,0,
168.63,0.050,187,-406,0.0,0.0,Secret Cemetery,0,0,,0,
168.68,0.051,187,-406,0.0,0.0,Secret Cemetery,0,0,,0,
168.73,0.050,187,-406,0.0,0.0,Secret Cemetery,0,0,,0,
168.78,0.051,187,-406,0.0,0.0,Secret Cemetery,0,0,,0,
168.83,0.050,187,-406,0.0,0.0,Secret Cemetery,0,0,,0,
168.88,0.051,187,-406,0.0,0.0,Secret Cemetery,0,0,,0,
168.93,0.051,187,-406,0.0,0.0,Secret Cemetery,0,0,,0,
168.98,0.051,187,-406,0.0,0.0,Secret Cemetery,0,0,,0,
169.03,0.051,187,-406,0.0,0.0,Secret Cemetery,0,0,,0,
169.08,0.050,187,-406,0.0,0.0,Secret Cemetery,0,0,,0,
169.13,0.051,187,-406,0.0,0.0,Secret Cemetery,0,0,,0,
169.18,0.050,187,-406,0.0,0.0,Secret Cemetery,0,0,,0,
169.24,0.051,187,-406,0.0,0.0,Secret Cemetery,0,0,,0,
169.29,0.050,187,-406,0.0,0.0,Secret Cemetery,0,0,,0,
169.34,0.050,187,-406,0.0,0.0,Secret Cemetery,0,0,,0,
169.39,0.050,187,-406,0.0,0.0,Secret Cemetery,0,0,,0,
169.44,0.050,187,-406,0.0,0.0,Secret Cemetery,0,0,,0,
169.49,0.051,187,-406,0.0,0.0,Secret Cemetery,0,0,,0,
169.54,0.051,187,-406,0.0,0.0,Secret Cemetery,0,0,,0,
169.59,0.051,187,-406,0.0,0.0,Secret Cemetery,0,0,,0,
169.64,0.051,187,-406,0.0,0.0,Secret Cemetery,0,0,,0,
169.69,0.050,187,-406,0.0,0.0,Secret Cemetery,0,0,,0,
169.74,0.051,187,-406,0.0,0.0,Secret Cemetery,0,0,,0,
169.79,0.051,187,-406,0.0,0.0,Secret Cemetery,0,0,,0,
169.84,0.050,187,-406,0.0,0.0,Secret Cemetery,0,0,,0,
169.89,0.050,187,-406,0.0,0.0,Secret Cemetery,0,0,,0,
169.94,0.051,187,-406,0.0,0.0,Secret Cemetery,0,0,,0,
169.99,0.051,187,-406,0.0,0.0,Secret Cemetery,0,0,,0,
170.04,0.050,187,-406,0.0,0.0,Secret Cemetery,0,0,,0,
170.09,0.050,187,-406,0.0,0.0,Secret Cemetery,0,0,,0,
170.14,0.050,187,-406,0.0,0.0,Secret Cemetery,0,0,,0,
170.19,0.051,187,-406,0.0,0.0,Secret Cemetery,0,0,,0,
170.25,0.051,187,-406,0.0,0.0,Secret Cemetery,0,0,,0,
170.30,0.050,187,-406,0.0,0.0,Secret Cemetery,0,0,,0,
170.35,0.050,187,-406,0.0,0.0,Secret Cemetery,0,0,,0,
170.40,0.051,187,-406,0.0,0.0,Secret Cemetery,0,0,,0,
170.45,0.051,187,-406,0.0,0.0,Secret Cemetery,0,0,,0,
170.50,0.051,187,-406,0.0,0.0,Secret Cemetery,0,0,,0,
170.55,0.050,187,-406,0.0,0.0,Secret Cemetery,0,0,,0,
170.60,0.051,187,-406,0.0,0.0,Secret Cemetery,0,0,,0,
170.65,0.051,187,-406,0.0,0.0,Secret Cemetery,0,0,,0,
170.70,0.050,187,-406,0.0,0.0,Secret Cemetery,0,0,,0,
170.75,0.051,187,-406,0.0,0.0,Secret Cemetery,0,0,,0,
170.80,0.051,187,-406,0.0,0.0,Secret Cemetery,0,0,,0,
170.85,0.051,187,-406,0.0,0.0,Secret Cemetery,0,0,,0,
170.90,0.050,187,-406,0.0,0.0,Secret Cemetery,0,0,,0,
170.95,0.051,187,-406,0.0,0.0,Secret Cemetery,0,0,,0,
171.00,0.050,187,-406,0.0,0.0,Secret Cemetery,0,0,,0,
171.05,0.050,187,-406,0.0,0.0,Secret Cemetery,0,0,,0,
171.10,0.051,187,-406,0.0,0.0,Secret Cemetery,0,0,,0,
171.15,0.050,187,-406,0.0,0.0,Secret Cemetery,0,0,,0,
171.21,0.051,187,-406,0.0,0.0,Secret Cemetery,0,0,,0,
171.26,0.050,187,-406,0.0,0.0,Secret Cemetery,0,0,,0,
171.31,0.050,187,-406,0.0,0.0,Secret Cemetery,0,0,,0,
171.36,0.051,187,-406,0.0,0.0,Secret Cemetery,0,0,,0,
171.41,0.051,187,-406,0.0,0.0,Secret Cemetery,0,0,,0,
171.46,0.051,187,-406,0.0,0.0,Secret Cemetery,0,0,,0,
171.51,0.051,187,-406,0.0,0.0,Secret Cemetery,0,0,,0,
171.56,0.051,187,-406,0.0,0.0,Secret Cemetery,0,0,,0,
171.61,0.051,187,-406,0.0,0.0,Secret Cemetery,0,0,,0,
171.66,0.051,187,-406,0.0,0.0,Secret Cemetery,0,0,,0,
171.71,0.051,187,-406,0.0,0.0,Secret Cemetery,0,0,,0,
171.76,0.050,187,-406,0.0,0.0,Secret Cemetery,0,0,,0,
171.81,0.051,187,-406,0.0,0.0,Secret Cemetery,0,0,,0,
171.86,0.051,187,-406,0.0,0.0,Secret Cemetery,0,0,,0,
171.91,0.050,187,-406,0.0,0.0,Secret Cemetery,0,0,,0,
171.96,0.050,187,-406,0.0,0.0,Secret Cemetery,0,0,,0,
172.01,0.051,187,-406,0.0,0.0,Secret Cemetery,0,0,,0,
172.06,0.051,187,-406,0.0,0.0,Secret Cemetery,0,0,,0,
172.12,0.051,187,-406,0.0,0.0,Secret Cemetery,0,0,,0,
172.17,0.051,187,-406,0.0,0.0,Secret Cemetery,0,0,,0,
172.22,0.051,187,-406,0.0,0.0,Secret Cemetery,0,0,,0,
172.27,0.050,187,-406,0.0,0.0,Secret Cemetery,0,0,,0,
172.32,0.051,187,-406,0.0,0.0,Secret Cemetery,0,0,,0,
172.37,0.051,187,-406,0.0,0.0,Secret Cemetery,0,0,,0,
172.42,0.050,187,-406,0.0,0.0,Secret Cemetery,0,0,,0,
172.47,0.050,187,-406,0.0,0.0,Secret Cemetery,0,0,,0,
172.52,0.050,187,-406,0.0,0.0,Secret Cemetery,0,0,,0,
172.57,0.051,187,-406,0.0,0.0,Secret Cemetery,0,0,,0,
172.62,0.051,187,-406,0.0,0.0,Secret Cemetery,0,0,,0,
172.67,0.051,187,-406,0.0,0.0,Secret Cemetery,0,0,,0,
172.72,0.051,187,-406,0.0,0.0,Secret Cemetery,0,0,,0,
172.77,0.051,187,-406,0.0,0.0,Secret Cemetery,0,0,,0,
172.82,0.051,187,-406,0.0,0.0,Secret Cemetery,0,0,,0,
172.87,0.050,187,-406,0.0,0.0,Secret Cemetery,0,0,,0,
172.92,0.050,187,-406,0.0,0.0,Secret Cemetery,0,0,,0,
172.98,0.051,187,-406,0.0,0.0,Secret Cemetery,0,0,,0,
173.03,0.051,187,-406,0.0,0.0,Secret Cemetery,0,0,,0,
173.08,0.051,187,-406,0.0,0.0,Secret Cemetery,0,0,,0,
173.13,0.051,187,-406,0.0,0.0,Secret Cemetery,0,0,,0,
173.18,0.050,187,-406,0.0,0.0,Secret Cemetery,0,0,,0,
173.23,0.051,187,-406,0.0,0.0,Secret Cemetery,0,0,,0,
173.28,0.050,187,-406,0.0,0.0,Secret Cemetery,0,0,,0,
173.33,0.050,187,-406,0.0,0.0,Secret Cemetery,0,0,,0,
173.38,0.051,187,-406,0.0,0.0,Secret Cemetery,0,0,,0,
173.43,0.050,187,-406,0.0,0.0,Secret Cemetery,0,0,,0,
173.48,0.051,187,-406,0.0,0.0,Secret Cemetery,0,0,,0,
173.53,0.051,187,-406,0.0,0.0,Secret Cemetery,0,0,,0,
173.58,0.051,187,-406,0.0,0.0,Secret Cemetery,0,0,,0,
173.63,0.051,187,-406,0.0,0.0,Secret Cemetery,0,0,,0,
173.68,0.050,187,-406,0.0,0.0,Secret Cemetery,0,0,,0,
173.73,0.051,187,-406,0.0,0.0,Secret Cemetery,0,0,,0,
173.78,0.051,187,-406,0.0,0.0,Secret Cemetery,0,0,,0,
173.83,0.051,187,-406,0.0,0.0,Secret Cemetery,0,0,,0,
173.89,0.051,187,-406,0.0,0.0,Secret Cemetery,0,0,,0,
173.94,0.051,187,-406,0.0,0.0,Secret Cemetery,0,0,,0,
173.99,0.051,187,-406,0.0,0.0,Secret Cemetery,0,0,,0,
174.04,0.050,187,-406,0.0,0.0,Secret Cemetery,0,0,,0,
174.09,0.051,187,-406,0.0,0.0,Secret Cemetery,0,0,,0,
174.14,0.051,187,-406,0.0,0.0,Secret Cemetery,0,0,,0,
174.19,0.050,187,-406,0.0,0.0,Secret Cemetery,0,0,,0,
174.24,0.051,187,-406,0.0,0.0,Secret Cemetery,0,0,,0,
174.29,0.050,187,-406,0.0,0.0,Secret Cemetery,0,0,,0,
174.34,0.051,187,-406,0.0,0.0,Secret Cemetery,0,0,,0,
174.39,0.050,187,-406,0.0,0.0,Secret Cemetery,0,0,,0,
174.44,0.051,187,-406,0.0,0.0,Secret Cemetery,0,0,,0,
174.49,0.051,187,-406,0.0,0.0,Secret Cemetery,0,0,,0,
174.54,0.051,187,-406,0.0,0.0,Secret Cemetery,0,0,,0,
174.59,0.051,187,-406,0.0,0.0,Secret Cemetery,0,0,,0,
174.64,0.051,187,-406,0.0,0.0,Secret Cemetery,0,0,,0,
174.69,0.050,187,-406,0.0,0.0,Secret Cemetery,0,0,,0,
174.75,0.050,187,-406,0.0,0.0,Secret Cemetery,0,0,,0,
174.80,0.051,187,-406,0.0,0.0,Secret Cemetery,0,0,,0,
174.85,0.050,187,-406,0.0,0.0,Secret Cemetery,0,0,,0,
174.90,0.051,187,-406,0.0,0.0,Secret Cemetery,0,0,,0,
174.95,0.051,187,-406,0.0,0.0,Secret Cemetery,0,0,,0,
175.00,0.051,187,-406,0.0,0.0,Secret Cemetery,0,0,,0,
175.05,0.051,187,-406,0.0,0.0,Secret Cemetery,0,0,,0,
175.10,0.051,187,-406,0.0,0.0,Secret Cemetery,0,0,,0,
175.15,0.050,187,-406,0.0,0.0,Secret Cemetery,0,0,,0,
175.20,0.051,187,-406,0.0,0.0,Secret Cemetery,0,0,,0,
175.25,0.051,187,-406,0.0,0.0,Secret Cemetery,0,0,,0,
175.30,0.051,187,-406,0.0,0.0,Secret Cemetery,0,0,,0,
175.35,0.050,187,-406,0.0,0.0,Secret Cemetery,0,0,,0,
175.40,0.051,187,-406,0.0,0.0,Secret Cemetery,0,0,,0,
175.45,0.050,187,-406,0.0,0.0,Secret Cemetery,0,0,,0,
175.50,0.050,187,-406,0.0,0.0,Secret Cemetery,0,0,,0,
175.56,0.050,187,-406,0.0,0.0,Secret Cemetery,0,0,,0,
175.61,0.051,187,-406,0.0,0.0,Secret Cemetery,0,0,,0,
175.66,0.051,187,-406,0.0,0.0,Secret Cemetery,0,0,,0,
175.71,0.051,187,-406,0.0,0.0,Secret Cemetery,0,0,,0,
175.76,0.051,187,-406,0.0,0.0,Secret Cemetery,0,0,,0,
175.81,0.051,187,-406,0.0,0.0,Secret Cemetery,0,0,,0,
175.86,0.051,187,-406,0.0,0.0,Secret Cemetery,0,0,,0,
175.91,0.050,187,-406,0.0,0.0,Secret Cemetery,0,0,,0,
175.96,0.051,187,-406,0.0,0.0,Secret Cemetery,0,0,,0,
176.01,0.050,187,-406,0.0,0.0,Secret Cemetery,0,0,,0,
176.06,0.051,187,-406,0.0,0.0,Secret Cemetery,0,0,,0,
176.11,0.051,187,-406,0.0,0.0,Secret Cemetery,0,0,,0,
176.16,0.050,187,-406,0.0,0.0,Secret Cemetery,0,0,,0,
176.21,0.050,187,-406,0.0,0.0,Secret Cemetery,0,0,,0,
176.26,0.050,187,-406,0.0,0.0,Secret Cemetery,0,0,,0,
176.31,0.050,187,-406,0.0,0.0,Secret Cemetery,0,0,,0,
176.36,0.051,187,-406,0.0,0.0,Secret Cemetery,0,0,,0,
176.41,0.050,187,-406,0.0,0.0,Secret Cemetery,0,0,,0,
176.46,0.051,187,-406,0.0,0.0,Secret Cemetery,0,0,,0,
176.52,0.050,187,-406,0.0,0.0,Secret Cemetery,0,0,,0,
176.57,0.051,187,-406,0.0,0.0,Secret Cemetery,0,0,,0,
176.62,0.050,187,-406,0.0,0.0,Secret Cemetery,0,0,,0,
176.67,0.051,187,-406,0.0,0.0,Secret Cemetery,0,0,,0,
176.72,0.050,187,-406,0.0,0.0,Secret Cemetery,0,0,,0,
176.77,0.050,187,-406,0.0,0.0,Secret Cemetery,0,0,,0,
176.82,0.050,187,-406,0.0,0.0,Secret Cemetery,0,0,,0,
176.87,0.050,187,-406,0.0,0.0,Secret Cemetery,0,0,,0,
176.92,0.050,187,-406,0.0,0.0,Secret Cemetery,0,0,,0,
176.97,0.050,187,-406,0.0,0.0,Secret Cemetery,0,0,,0,
177.02,0.050,187,-406,0.0,0.0,Secret Cemetery,0,0,,0,
177.07,0.050,187,-406,0.0,0.0,Secret Cemetery,0,0,,0,
177.12,0.051,187,-406,0.0,0.0,Secret Cemetery,0,0,,0,
177.17,0.051,187,-406,0.0,0.0,Secret Cemetery,0,0,,0,
177.22,0.050,187,-406,0.0,0.0,Secret Cemetery,0,0,,0,
177.27,0.051,187,-406,0.0,0.0,Secret Cemetery,0,0,,0,
177.32,0.050,187,-406,0.0,0.0,Secret Cemetery,0,0,,0,
177.37,0.051,187,-406,0.0,0.0,Secret Cemetery,0,0,,0,
177.42,0.050,187,-406,0.0,0.0,Secret Cemetery,0,0,,0,
177.48,0.051,187,-406,0.0,0.0,Secret Cemetery,0,0,,0,
177.53,0.051,187,-406,0.0,0.0,Secret Cemetery,0,0,,0,
177.58,0.050,187,-406,0.0,0.0,Secret Cemetery,0,0,,0,
177.63,0.051,187,-406,0.0,0.0,Secret Cemetery,0,0,,0,
177.68,0.050,187,-406,0.0,0.0,Secret Cemetery,0,0,,0,
177.73,0.050,187,-406,0.0,0.0,Secret Cemetery,0,0,,0,
177.78,0.050,187,-406,0.0,0.0,Secret Cemetery,0,0,,0,
177.83,0.051,187,-406,0.0,0.0,Secret Cemetery,0,0,,0,
177.88,0.050,187,-406,0.0,0.0,Secret Cemetery,0,0,,0,
177.93,0.051,187,-406,0.0,0.0,Secret Cemetery,0,0,,0,
177.98,0.051,187,-406,0.0,0.0,Secret Cemetery,0,0,,0,
178.03,0.051,187,-406,0.0,0.0,Secret Cemetery,0,0,,0,
178.08,0.050,187,-406,0.0,0.0,Secret Cemetery,0,0,,0,
178.13,0.050,187,-406,0.0,0.0,Secret Cemetery,0,0,,0,
178.18,0.051,188,-407,1.4,27.7,Secret Cemetery,0,0,,0,
178.23,0.051,188,-407,0.0,0.0,Secret Cemetery,0,0,,0,
178.28,0.050,188,-407,0.0,0.0,Secret Cemetery,0,0,,0,
178.33,0.050,188,-407,0.0,0.0,Secret Cemetery,0,0,,0,
178.38,0.051,188,-407,0.0,0.0,Secret Cemetery,0,0,,0,
178.43,0.051,188,-407,0.0,0.0,Secret Cemetery,0,0,,0,
178.49,0.051,188,-407,0.0,0.0,Secret Cemetery,0,0,,0,
178.54,0.051,188,-407,0.0,0.0,Secret Cemetery,0,0,,0,
178.59,0.050,188,-407,0.0,0.0,Secret Cemetery,0,0,,0,
178.64,0.051,188,-407,0.0,0.0,Secret Cemetery,0,0,,0,
178.69,0.051,188,-407,0.0,0.0,Secret Cemetery,0,0,,0,
178.74,0.051,188,-407,0.0,0.0,Secret Cemetery,0,0,,0,
178.79,0.052,188,-407,0.0,0.0,Secret Cemetery,0,0,,0,
178.84,0.050,188,-407,0.0,0.0,Secret Cemetery,0,0,,0,
178.89,0.050,188,-407,0.0,0.0,Secret Cemetery,0,0,,0,
178.94,0.050,188,-407,0.0,0.0,Secret Cemetery,0,0,,0,
178.99,0.051,188,-407,0.0,0.0,Secret Cemetery,0,0,,0,
179.04,0.050,188,-407,0.0,0.0,Secret Cemetery,0,0,,0,
179.09,0.050,188,-407,0.0,0.0,Secret Cemetery,0,0,,0,
179.14,0.051,188,-407,0.0,0.0,Secret Cemetery,0,0,,0,
179.20,0.050,188,-407,0.0,0.0,Secret Cemetery,0,0,,0,
179.25,0.051,188,-407,0.0,0.0,Secret Cemetery,0,0,,0,
179.30,0.051,188,-407,0.0,0.0,Secret Cemetery,0,0,,0,
179.35,0.050,188,-407,0.0,0.0,Secret Cemetery,0,0,,0,
179.40,0.051,188,-407,0.0,0.0,Secret Cemetery,0,0,,0,
179.45,0.050,188,-407,0.0,0.0,Secret Cemetery,0,0,,0,
179.50,0.051,188,-407,0.0,0.0,Secret Cemetery,0,0,,0,
179.55,0.051,188,-407,0.0,0.0,Secret Cemetery,0,0,,0,
179.60,0.050,188,-407,0.0,0.0,Secret Cemetery,0,0,,0,
179.65,0.050,188,-407,0.0,0.0,Secret Cemetery,0,0,,0,
179.70,0.050,188,-407,0.0,0.0,Secret Cemetery,0,0,,0,
179.75,0.050,188,-407,0.0,0.0,Secret Cemetery,0,0,,0,
179.80,0.050,188,-407,0.0,0.0,Secret Cemetery,0,0,,0,
179.85,0.050,188,-407,0.0,0.0,Secret Cemetery,0,0,,0,
179.90,0.050,188,-407,0.0,0.0,Secret Cemetery,0,0,,0,
179.95,0.050,188,-407,0.0,0.0,Secret Cemetery,0,0,,0,
180.00,0.050,188,-407,0.0,0.0,Secret Cemetery,0,0,,0,
180.05,0.051,188,-407,0.0,0.0,Secret Cemetery,0,0,,0,
180.10,0.051,188,-407,0.0,0.0,Secret Cemetery,0,0,,0,
180.15,0.050,188,-407,0.0,0.0,Secret Cemetery,0,0,,0,
180.20,0.051,188,-407,0.0,0.0,Secret Cemetery,0,0,,0,
180.25,0.050,188,-407,0.0,0.0,Secret Cemetery,0,0,,0,
180.31,0.051,188,-407,0.0,0.0,Secret Cemetery,0,0,,0,
180.36,0.050,188,-407,0.0,0.0,Secret Cemetery,0,0,,0,
180.41,0.051,188,-407,0.0,0.0,Secret Cemetery,0,0,,0,
180.46,0.050,188,-407,0.0,0.0,Secret Cemetery,0,0,,0,
180.51,0.050,188,-407,0.0,0.0,Secret Cemetery,0,0,,0,
180.56,0.050,188,-407,0.0,0.0,Secret Cemetery,0,0,,0,
180.61,0.050,188,-407,0.0,0.0,Secret Cemetery,0,0,,0,
180.66,0.050,188,-407,0.0,0.0,Secret Cemetery,0,0,,0,
180.71,0.051,188,-407,0.0,0.0,Secret Cemetery,0,0,,0,
180.76,0.050,188,-407,0.0,0.0,Secret Cemetery,0,0,,0,
180.81,0.050,188,-407,0.0,0.0,Secret Cemetery,0,0,,0,
180.86,0.050,188,-407,0.0,0.0,Secret Cemetery,0,0,,0,
180.91,0.051,188,-407,0.0,0.0,Secret Cemetery,0,0,,0,
180.96,0.050,188,-407,0.0,0.0,Secret Cemetery,0,0,,0,
181.01,0.050,188,-407,0.0,0.0,Secret Cemetery,0,0,,0,
181.06,0.050,188,-407,0.0,0.0,Secret Cemetery,0,0,,0,
181.11,0.051,188,-407,0.0,0.0,Secret Cemetery,0,0,,0,
181.16,0.050,188,-407,0.0,0.0,Secret Cemetery,0,0,,0,
181.21,0.051,188,-407,0.0,0.0,Secret Cemetery,0,0,,0,
181.26,0.051,188,-407,0.0,0.0,Secret Cemetery,0,0,,0,
181.31,0.050,188,-407,0.0,0.0,Secret Cemetery,0,0,,0,
181.36,0.050,188,-407,0.0,0.0,Secret Cemetery,0,0,,0,
181.42,0.051,188,-407,0.0,0.0,Secret Cemetery,0,0,,0,
181.47,0.051,188,-407,0.0,0.0,Secret Cemetery,0,0,,0,
181.52,0.050,188,-407,0.0,0.0,Secret Cemetery,0,0,,0,
181.57,0.051,188,-407,0.0,0.0,Secret Cemetery,0,0,,0,
181.62,0.050,188,-407,0.0,0.0,Secret Cemetery,0,0,,0,
181.67,0.051,188,-407,0.0,0.0,Secret Cemetery,0,0,,0,
181.72,0.051,188,-407,0.0,0.0,Secret Cemetery,0,0,,0,
181.77,0.051,188,-407,0.0,0.0,Secret Cemetery,0,0,,0,
181.82,0.050,188,-407,0.0,0.0,Secret Cemetery,0,0,,0,
181.87,0.050,188,-407,0.0,0.0,Secret Cemetery,0,0,,0,
181.92,0.051,188,-407,0.0,0.0,Secret Cemetery,0,0,,0,
181.97,0.050,188,-407,0.0,0.0,Secret Cemetery,0,0,,0,
182.02,0.051,188,-407,0.0,0.0,Secret Cemetery,0,0,,0,
182.07,0.051,188,-407,0.0,0.0,Secret Cemetery,0,0,,0,
182.12,0.051,188,-407,0.0,0.0,Secret Cemetery,0,0,,0,
182.17,0.050,188,-407,0.0,0.0,Secret Cemetery,0,0,,0,
